snippet_id,snippet_path,return_code,solved,elapsed_seconds,status,error
00056d4304c58a035c87cdf5ff1e5e3e,/gists/00056d4304c58a035c87cdf5ff1e5e3e/snippet.py,0,True,16.7,solved,
000eccf3d66540d75def,/gists/000eccf3d66540d75def/snippet.py,0,True,32.6,solved,
00135b0dfee0ae165ad2,/gists/00135b0dfee0ae165ad2/snippet.py,0,False,62.0,failed,
005bbad123ef309a5bef,/gists/005bbad123ef309a5bef/snippet.py,0,True,79.8,solved,
005ceac0483fc5a581cc,/gists/005ceac0483fc5a581cc/snippet.py,0,False,441.1,failed,
00a17b1d374dfc267a9a,/gists/00a17b1d374dfc267a9a/snippet.py,0,True,472.0,solved,
00a4835bf36513ca58a3,/gists/00a4835bf36513ca58a3/snippet.py,0,False,516.0,failed,
00e9638c0efad1adac878522cf172484,/gists/00e9638c0efad1adac878522cf172484/snippet.py,0,False,1067.3,failed,
011004bcac763eaf6f28,/gists/011004bcac763eaf6f28/snippet.py,0,False,617.9,failed,
0115e0ce312f26ff59f4fbf4f5821ca2,/gists/0115e0ce312f26ff59f4fbf4f5821ca2/snippet.py,0,False,69.3,failed,
015e2ce27cecdea63564,/gists/015e2ce27cecdea63564/snippet.py,0,True,297.6,solved,
01886b6f79ba0c4dce66,/gists/01886b6f79ba0c4dce66/snippet.py,0,True,47.1,solved,
0191e14717af68bbba81,/gists/0191e14717af68bbba81/snippet.py,0,True,43.6,solved,
019fd5c706e0bc94879f,/gists/019fd5c706e0bc94879f/snippet.py,0,True,155.4,solved,
01b8b8e1909ae0f601c85e142f2bd15b,/gists/01b8b8e1909ae0f601c85e142f2bd15b/snippet.py,0,False,115.2,failed,
01bf3900d3a02c4e3927b2a2bcf39100,/gists/01bf3900d3a02c4e3927b2a2bcf39100/snippet.py,0,False,83.7,failed,
01c99322cf985e771827,/gists/01c99322cf985e771827/snippet.py,0,False,568.4,failed,
026a4d6400b1efac9a13a3296f16e655,/gists/026a4d6400b1efac9a13a3296f16e655/snippet.py,0,True,48.8,solved,
02ff378b3a91de94306a84d3aa2228bb,/gists/02ff378b3a91de94306a84d3aa2228bb/snippet.py,-1,False,1200.0,timeout,Exceeded 1200s timeout
0306734dfe17076dfd34e09660c198c0,/gists/0306734dfe17076dfd34e09660c198c0/snippet.py,0,True,594.2,solved,
034e799c19eb763fa859,/gists/034e799c19eb763fa859/snippet.py,0,True,26.6,solved,
035dc3b722b7f89cce66520dde285c9a,/gists/035dc3b722b7f89cce66520dde285c9a/snippet.py,0,True,90.3,solved,
037e4134d8271c0de71b838a461e7ac1,/gists/037e4134d8271c0de71b838a461e7ac1/snippet.py,0,True,140.1,solved,
03d9c46c86691c9bb680,/gists/03d9c46c86691c9bb680/snippet.py,0,True,92.1,solved,
03de5c4c21138da5c29d,/gists/03de5c4c21138da5c29d/snippet.py,0,True,319.0,solved,
044682e76def583a12e6c09209c664a1,/gists/044682e76def583a12e6c09209c664a1/snippet.py,0,True,212.3,solved,
045c887b6ccdf0edf4648da0c40bcc12,/gists/045c887b6ccdf0edf4648da0c40bcc12/snippet.py,0,True,143.8,solved,
046e434c51057dc9588762edd40199b1,/gists/046e434c51057dc9588762edd40199b1/snippet.py,0,False,1086.8,failed,
04c2b5ce5978c0d66e6e,/gists/04c2b5ce5978c0d66e6e/snippet.py,0,False,144.3,failed,
04ef258fa29e4e685287a30cf60462d0,/gists/04ef258fa29e4e685287a30cf60462d0/snippet.py,0,False,982.5,failed,
04f3047ca8770f4a3a58,/gists/04f3047ca8770f4a3a58/snippet.py,0,False,948.2,failed,
051e881fc94fe4a49295,/gists/051e881fc94fe4a49295/snippet.py,0,True,288.6,solved,
053b89bd6975f89f043871335dce8c5b,/gists/053b89bd6975f89f043871335dce8c5b/snippet.py,0,True,26.2,solved,
053db410f7fdd4e1d6034a0a7fd45d9b,/gists/053db410f7fdd4e1d6034a0a7fd45d9b/snippet.py,0,True,55.2,solved,
054023c4fca5369ffdb2,/gists/054023c4fca5369ffdb2/snippet.py,0,False,60.9,failed,
056626de3fbdc7cf7b59de1d9f6279d1,/gists/056626de3fbdc7cf7b59de1d9f6279d1/snippet.py,0,False,1022.9,failed,
05aadb969e43788593d3,/gists/05aadb969e43788593d3/snippet.py,0,False,57.9,failed,
05bec6966701f720c3aa,/gists/05bec6966701f720c3aa/snippet.py,0,False,901.6,failed,
05ff99985269200cdc4854ddc04fa6e9,/gists/05ff99985269200cdc4854ddc04fa6e9/snippet.py,0,True,31.2,solved,
0618f44dc5270f9a2be2826d0d933ed7,/gists/0618f44dc5270f9a2be2826d0d933ed7/snippet.py,0,True,41.1,solved,
06336eb10a1628850d6f,/gists/06336eb10a1628850d6f/snippet.py,0,True,103.8,solved,
06649145d7e6c4c147c02459fd2bc5af,/gists/06649145d7e6c4c147c02459fd2bc5af/snippet.py,0,False,1128.0,failed,
070c805d947bd17c7a19,/gists/070c805d947bd17c7a19/snippet.py,0,True,45.0,solved,
071932322204bcad6063,/gists/071932322204bcad6063/snippet.py,0,False,110.2,failed,
075c35b536cc08b832e353f2f43c0bdc,/gists/075c35b536cc08b832e353f2f43c0bdc/snippet.py,0,True,91.8,solved,
076424abd8b012371b516da32807ca14,/gists/076424abd8b012371b516da32807ca14/snippet.py,0,False,1138.5,failed,
076bbc6a0d5056d20ad45095b434b02d,/gists/076bbc6a0d5056d20ad45095b434b02d/snippet.py,0,True,52.7,solved,
07cdfc2826a565b50a68,/gists/07cdfc2826a565b50a68/snippet.py,0,True,43.3,solved,
0830affa1f7f19fd47b06d4cf89ed44d,/gists/0830affa1f7f19fd47b06d4cf89ed44d/snippet.py,0,True,210.9,solved,
083777cb1f8c9efe6418c75d18bdd32b,/gists/083777cb1f8c9efe6418c75d18bdd32b/snippet.py,-1,False,1200.0,timeout,Exceeded 1200s timeout
0932b2b5293839cd7d79fa6b513c8128,/gists/0932b2b5293839cd7d79fa6b513c8128/snippet.py,0,True,529.1,solved,
09648344984565f9477a,/gists/09648344984565f9477a/snippet.py,-1,False,1200.0,timeout,Exceeded 1200s timeout
096f3b651b268b7af4c8c32475fa23d1,/gists/096f3b651b268b7af4c8c32475fa23d1/snippet.py,0,True,61.6,solved,
097f97f4cb67c554f04dba6b5a09a506,/gists/097f97f4cb67c554f04dba6b5a09a506/snippet.py,-1,False,1200.0,timeout,Exceeded 1200s timeout
098f399d69f230521ef530baca832e76,/gists/098f399d69f230521ef530baca832e76/snippet.py,-1,False,1200.0,timeout,Exceeded 1200s timeout
09b1f5403c63ceab5ae34710cbe2809e,/gists/09b1f5403c63ceab5ae34710cbe2809e/snippet.py,0,True,724.2,solved,
09cae53bf67ea8a39700,/gists/09cae53bf67ea8a39700/snippet.py,0,True,78.8,solved,
09f5ab44486b1fc6df7bf20ce57159f1,/gists/09f5ab44486b1fc6df7bf20ce57159f1/snippet.py,0,True,115.5,solved,
0a2ac74d800a2eff9540,/gists/0a2ac74d800a2eff9540/snippet.py,0,False,538.7,failed,
0a3d4fae965bdbec1f9d,/gists/0a3d4fae965bdbec1f9d/snippet.py,0,True,193.1,solved,
0a509faf231cff3cdec7,/gists/0a509faf231cff3cdec7/snippet.py,0,True,126.1,solved,
0aaa9e4659977a98fc9f36d6887fef37,/gists/0aaa9e4659977a98fc9f36d6887fef37/snippet.py,0,False,286.3,failed,
0acf77b2c022e2467cfb0d5493d454d6,/gists/0acf77b2c022e2467cfb0d5493d454d6/snippet.py,0,True,85.1,solved,
0afa43225bdbe8e803cb,/gists/0afa43225bdbe8e803cb/snippet.py,0,False,314.7,failed,
0b42dbd687ae3b838728,/gists/0b42dbd687ae3b838728/snippet.py,0,True,131.6,solved,
0b677b13fca6cd0905ca,/gists/0b677b13fca6cd0905ca/snippet.py,-1,False,1200.0,timeout,Exceeded 1200s timeout
0b7e91487dcf10c0b8e8711eb6d73bc5,/gists/0b7e91487dcf10c0b8e8711eb6d73bc5/snippet.py,0,True,384.1,solved,
0b92b9ca837a0f5474c732876220db78,/gists/0b92b9ca837a0f5474c732876220db78/snippet.py,0,True,237.3,solved,
0b942dd86f01efe996b8977b158c37a6,/gists/0b942dd86f01efe996b8977b158c37a6/snippet.py,0,True,62.1,solved,
0b9d8a742fe0efe0fe82,/gists/0b9d8a742fe0efe0fe82/snippet.py,0,True,318.2,solved,
0ba0270279a0f38280423754cea2ee1e,/gists/0ba0270279a0f38280423754cea2ee1e/snippet.py,0,True,353.3,solved,
0bc7d313e7a84b708374,/gists/0bc7d313e7a84b708374/snippet.py,0,True,31.6,solved,
0bdd7059a08cbcd00898,/gists/0bdd7059a08cbcd00898/snippet.py,0,True,91.1,solved,
0c01b7a27e512db480847fac2cc54103,/gists/0c01b7a27e512db480847fac2cc54103/snippet.py,0,False,90.2,failed,
0c10e910e514832b7103,/gists/0c10e910e514832b7103/snippet.py,0,False,894.8,failed,
0c7ccae5d764ff61788fc626096e5688,/gists/0c7ccae5d764ff61788fc626096e5688/snippet.py,0,True,38.0,solved,
0ca2272c015266e667924836364349c3,/gists/0ca2272c015266e667924836364349c3/snippet.py,0,True,108.8,solved,
0cdd8d6adb8463961f50bd1845faddf8,/gists/0cdd8d6adb8463961f50bd1845faddf8/snippet.py,0,True,78.2,solved,
0cfe89a89b892e47e8418e281dfe318d,/gists/0cfe89a89b892e47e8418e281dfe318d/snippet.py,0,True,33.0,solved,
0d1baad4e3a871587ab1,/gists/0d1baad4e3a871587ab1/snippet.py,0,False,65.0,failed,
0d25683d9c8fce27edd3,/gists/0d25683d9c8fce27edd3/snippet.py,0,False,945.5,failed,
0d5a709bbb4186d1f45f2af14c65b110,/gists/0d5a709bbb4186d1f45f2af14c65b110/snippet.py,0,False,146.1,failed,
0d5b3e7cc89cb2180c6e,/gists/0d5b3e7cc89cb2180c6e/snippet.py,0,True,70.1,solved,
0d9745f39a034758e51e,/gists/0d9745f39a034758e51e/snippet.py,0,True,155.1,solved,
0d9f91f789f0c523b0e7,/gists/0d9f91f789f0c523b0e7/snippet.py,0,False,76.8,failed,
0db840f27f1f0fd0747f13ab80d0ca37,/gists/0db840f27f1f0fd0747f13ab80d0ca37/snippet.py,0,True,136.1,solved,
0db858e055cc2bae953b435f5116aaa8,/gists/0db858e055cc2bae953b435f5116aaa8/snippet.py,0,True,59.7,solved,
0e7d366d2e3623c5bb95,/gists/0e7d366d2e3623c5bb95/snippet.py,-1,False,1200.0,timeout,Exceeded 1200s timeout
0ec0c3f5ca69bac2b625,/gists/0ec0c3f5ca69bac2b625/snippet.py,0,True,190.6,solved,
0ee6dd444994fd67f63b,/gists/0ee6dd444994fd67f63b/snippet.py,0,True,177.2,solved,
0efb4d07f28af1c8fc1b,/gists/0efb4d07f28af1c8fc1b/snippet.py,-1,False,1200.0,timeout,Exceeded 1200s timeout
0efb90d998c59d5926ca7f4e79054361,/gists/0efb90d998c59d5926ca7f4e79054361/snippet.py,0,False,374.3,failed,
0efcacfb43827ba3a6bac3356315c419,/gists/0efcacfb43827ba3a6bac3356315c419/snippet.py,0,True,133.5,solved,
0f450e738bf79c003253,/gists/0f450e738bf79c003253/snippet.py,0,True,297.4,solved,
0f575a0891cfef5f1b0024c89dcbaeea,/gists/0f575a0891cfef5f1b0024c89dcbaeea/snippet.py,-1,False,1200.0,timeout,Exceeded 1200s timeout
0f5f65ddbfa278713f58,/gists/0f5f65ddbfa278713f58/snippet.py,0,True,181.7,solved,
0f87efc363309e99d600e3a6300fbcff,/gists/0f87efc363309e99d600e3a6300fbcff/snippet.py,0,False,144.7,failed,
10005117,/gists/10005117/snippet.py,0,True,130.8,solved,
10010307,/gists/10010307/snippet.py,0,False,992.2,failed,
10011921,/gists/10011921/snippet.py,0,False,1064.4,failed,
10016605,/gists/10016605/snippet.py,0,False,1146.8,failed,
10023837,/gists/10023837/snippet.py,0,True,37.1,solved,
1009475,/gists/1009475/snippet.py,0,False,155.1,failed,
101323115e70bb6671d3,/gists/101323115e70bb6671d3/snippet.py,0,False,633.7,failed,
10206392,/gists/10206392/snippet.py,0,False,44.5,failed,
1023456,/gists/1023456/snippet.py,0,False,86.1,failed,
10235798,/gists/10235798/snippet.py,0,True,22.2,solved,
1025525,/gists/1025525/snippet.py,0,True,43.1,solved,
1025736,/gists/1025736/snippet.py,0,False,175.0,failed,
10281460,/gists/10281460/snippet.py,0,True,353.3,solved,
1029336,/gists/1029336/snippet.py,0,True,30.8,solved,
10295174,/gists/10295174/snippet.py,0,False,151.8,failed,
1029870,/gists/1029870/snippet.py,0,False,1147.9,failed,
10335601,/gists/10335601/snippet.py,0,False,54.5,failed,
1035190,/gists/1035190/snippet.py,0,False,570.8,failed,
10354951,/gists/10354951/snippet.py,0,False,59.9,failed,
1035890,/gists/1035890/snippet.py,0,False,270.2,failed,
1036883,/gists/1036883/snippet.py,0,True,65.4,solved,
1038987,/gists/1038987/snippet.py,0,True,24.6,solved,
1040366,/gists/1040366/snippet.py,0,False,989.2,failed,
1041172,/gists/1041172/snippet.py,0,False,555.4,failed,
1042719,/gists/1042719/snippet.py,0,True,39.8,solved,
1042778,/gists/1042778/snippet.py,0,True,53.2,solved,
10438748,/gists/10438748/snippet.py,0,False,288.6,failed,
1044215,/gists/1044215/snippet.py,0,True,41.9,solved,
1045108,/gists/1045108/snippet.py,0,False,872.0,failed,
10491632,/gists/10491632/snippet.py,0,True,29.5,solved,
1052286,/gists/1052286/snippet.py,0,True,164.9,solved,
1054969,/gists/1054969/snippet.py,0,False,601.6,failed,
1055161,/gists/1055161/snippet.py,0,False,89.3,failed,
10554232,/gists/10554232/snippet.py,0,False,94.0,failed,
1055992,/gists/1055992/snippet.py,0,True,18.3,solved,
10567484,/gists/10567484/snippet.py,0,True,66.3,solved,
10589494,/gists/10589494/snippet.py,0,True,27.4,solved,
1059647,/gists/1059647/snippet.py,0,False,125.9,failed,
1065196,/gists/1065196/snippet.py,0,True,56.0,solved,
1068021,/gists/1068021/snippet.py,0,True,26.0,solved,
1068255,/gists/1068255/snippet.py,0,True,31.1,solved,
1068868,/gists/1068868/snippet.py,0,False,97.5,failed,
106c49a3ae6d420937aa,/gists/106c49a3ae6d420937aa/snippet.py,0,False,50.1,failed,
1072977,/gists/1072977/snippet.py,-1,False,1200.0,timeout,Exceeded 1200s timeout
1074124,/gists/1074124/snippet.py,-1,False,1200.0,timeout,Exceeded 1200s timeout
1074202,/gists/1074202/snippet.py,0,False,324.7,failed,
1074227,/gists/1074227/snippet.py,0,True,47.1,solved,
1074551,/gists/1074551/snippet.py,0,False,62.5,failed,
1077318,/gists/1077318/snippet.py,0,True,38.7,solved,
1077970,/gists/1077970/snippet.py,0,False,623.2,failed,
10792332,/gists/10792332/snippet.py,0,True,84.6,solved,
1082570,/gists/1082570/snippet.py,0,False,1126.8,failed,
1083908,/gists/1083908/snippet.py,0,False,771.2,failed,
1088273,/gists/1088273/snippet.py,0,False,472.1,failed,
1091026,/gists/1091026/snippet.py,0,False,31.5,failed,
10938795,/gists/10938795/snippet.py,0,True,67.9,solved,
1094832,/gists/1094832/snippet.py,0,True,39.3,solved,
10955449,/gists/10955449/snippet.py,0,True,32.1,solved,
1096373,/gists/1096373/snippet.py,0,False,358.9,failed,
1098968,/gists/1098968/snippet.py,0,True,34.8,solved,
10a742de43246210f3ba,/gists/10a742de43246210f3ba/snippet.py,0,True,22.6,solved,
10cd35b2872628246140,/gists/10cd35b2872628246140/snippet.py,0,False,735.0,failed,
1104507,/gists/1104507/snippet.py,0,True,27.3,solved,
1104553,/gists/1104553/snippet.py,0,False,348.2,failed,
1107375,/gists/1107375/snippet.py,0,False,1004.3,failed,
11078820,/gists/11078820/snippet.py,0,True,107.8,solved,
1108817,/gists/1108817/snippet.py,0,True,31.3,solved,
1109153,/gists/1109153/snippet.py,0,True,25.3,solved,
1112928,/gists/1112928/snippet.py,0,True,35.6,solved,
11129975,/gists/11129975/snippet.py,0,False,39.8,failed,
11181988,/gists/11181988/snippet.py,0,False,890.7,failed,
1118585,/gists/1118585/snippet.py,0,False,76.6,failed,
11192605,/gists/11192605/snippet.py,0,True,41.7,solved,
111c8ee32505a11ad7a6c629f277c2a4,/gists/111c8ee32505a11ad7a6c629f277c2a4/snippet.py,0,False,49.0,failed,
11215761,/gists/11215761/snippet.py,0,True,22.7,solved,
11242170,/gists/11242170/snippet.py,-1,False,1200.0,timeout,Exceeded 1200s timeout
1124bb02a9fd4abce3d86caf2f950cb2,/gists/1124bb02a9fd4abce3d86caf2f950cb2/snippet.py,0,True,150.2,solved,
1125832,/gists/1125832/snippet.py,0,True,42.3,solved,
11280233,/gists/11280233/snippet.py,0,True,28.1,solved,
11284662,/gists/11284662/snippet.py,0,False,707.9,failed,
11292725,/gists/11292725/snippet.py,0,False,848.7,failed,
1133602,/gists/1133602/snippet.py,0,False,253.9,failed,
1134410,/gists/1134410/snippet.py,0,False,80.1,failed,
113635,/gists/113635/snippet.py,0,True,36.5,solved,
11367287,/gists/11367287/snippet.py,0,True,168.0,solved,
11375647,/gists/11375647/snippet.py,0,False,53.7,failed,
11378945,/gists/11378945/snippet.py,0,True,54.0,solved,
1140136,/gists/1140136/snippet.py,0,True,54.6,solved,
1140516,/gists/1140516/snippet.py,0,True,32.9,solved,
11405336,/gists/11405336/snippet.py,0,False,942.7,failed,
1142740,/gists/1142740/snippet.py,0,True,222.6,solved,
1147973,/gists/1147973/snippet.py,0,True,99.8,solved,
11526013,/gists/11526013/snippet.py,0,True,43.3,solved,
11538913,/gists/11538913/snippet.py,0,False,786.4,failed,
1160201,/gists/1160201/snippet.py,0,True,91.2,solved,
1160696,/gists/1160696/snippet.py,0,False,454.7,failed,
1161423,/gists/1161423/snippet.py,0,True,29.1,solved,
1165038,/gists/1165038/snippet.py,0,True,34.5,solved,
1165344,/gists/1165344/snippet.py,0,True,44.7,solved,
1177373,/gists/1177373/snippet.py,0,True,25.6,solved,
1183767,/gists/1183767/snippet.py,0,True,45.3,solved,
1183842,/gists/1183842/snippet.py,0,False,61.9,failed,
1184264,/gists/1184264/snippet.py,0,True,56.0,solved,
1186126,/gists/1186126/snippet.py,0,False,31.4,failed,
1189327,/gists/1189327/snippet.py,0,False,41.2,failed,
1191457,/gists/1191457/snippet.py,0,True,33.2,solved,
1192059,/gists/1192059/snippet.py,0,True,14.8,solved,
1196291,/gists/1196291/snippet.py,0,False,48.5,failed,
1200485,/gists/1200485/snippet.py,0,False,194.5,failed,
1202066,/gists/1202066/snippet.py,0,True,18.1,solved,
1202516,/gists/1202516/snippet.py,0,False,129.9,failed,
1203640,/gists/1203640/snippet.py,0,True,11.2,solved,
1207636,/gists/1207636/snippet.py,0,True,7.5,solved,
1210791,/gists/1210791/snippet.py,0,False,11.7,failed,
1217855,/gists/1217855/snippet.py,0,True,16.5,solved,
1218932,/gists/1218932/snippet.py,0,False,111.2,failed,
1219671,/gists/1219671/snippet.py,0,False,10.9,failed,
1219955,/gists/1219955/snippet.py,0,False,137.3,failed,
1228626,/gists/1228626/snippet.py,0,True,14.4,solved,
1229681,/gists/1229681/snippet.py,0,True,11.8,solved,
1229685,/gists/1229685/snippet.py,0,True,10.2,solved,
1229770,/gists/1229770/snippet.py,0,False,26.9,failed,
122f258ba6eaa23dd9c5,/gists/122f258ba6eaa23dd9c5/snippet.py,0,False,28.5,failed,
1231964e784ab9acb65d,/gists/1231964e784ab9acb65d/snippet.py,0,True,64.4,solved,
1233846,/gists/1233846/snippet.py,0,False,17.1,failed,
1234843,/gists/1234843/snippet.py,0,True,13.9,solved,
1239373,/gists/1239373/snippet.py,0,True,15.0,solved,
1239674,/gists/1239674/snippet.py,0,False,14.3,failed,
1242589,/gists/1242589/snippet.py,0,False,109.3,failed,
1246146,/gists/1246146/snippet.py,0,True,25.4,solved,
1246268,/gists/1246268/snippet.py,0,True,18.6,solved,
1248728,/gists/1248728/snippet.py,0,True,24.8,solved,
1251716,/gists/1251716/snippet.py,0,False,19.4,failed,
1253332,/gists/1253332/snippet.py,0,True,13.4,solved,
1254809,/gists/1254809/snippet.py,0,True,20.4,solved,
125559,/gists/125559/snippet.py,0,True,22.3,solved,
1260ba896d448bad0eebdf26b80c00cc,/gists/1260ba896d448bad0eebdf26b80c00cc/snippet.py,0,True,250.4,solved,
1262332,/gists/1262332/snippet.py,0,False,139.4,failed,
1264102,/gists/1264102/snippet.py,0,True,19.2,solved,
1265346,/gists/1265346/snippet.py,0,True,12.6,solved,
1267632,/gists/1267632/snippet.py,0,True,8.4,solved,
1268033,/gists/1268033/snippet.py,0,True,20.3,solved,
1269098,/gists/1269098/snippet.py,0,False,58.1,failed,
1269949,/gists/1269949/snippet.py,0,True,11.4,solved,
127368f7dc810dd37fe18aee87dd2ee2,/gists/127368f7dc810dd37fe18aee87dd2ee2/snippet.py,0,True,48.7,solved,
1275204,/gists/1275204/snippet.py,0,True,10.1,solved,
1277655,/gists/1277655/snippet.py,0,False,133.4,failed,
1283684,/gists/1283684/snippet.py,0,False,32.4,failed,
1284577,/gists/1284577/snippet.py,0,True,8.0,solved,
1285742,/gists/1285742/snippet.py,0,False,145.2,failed,
1288025,/gists/1288025/snippet.py,0,False,336.0,failed,
1288160dad16cc473a53,/gists/1288160dad16cc473a53/snippet.py,0,True,7.9,solved,
1289286,/gists/1289286/snippet.py,0,False,34.2,failed,
1290744,/gists/1290744/snippet.py,0,False,169.9,failed,
12da69b95d010c8a810fd384cca8d02a,/gists/12da69b95d010c8a810fd384cca8d02a/snippet.py,0,True,82.5,solved,
1303651,/gists/1303651/snippet.py,0,True,9.3,solved,
130583,/gists/130583/snippet.py,0,True,10.0,solved,
1306719,/gists/1306719/snippet.py,0,True,9.0,solved,
1307521,/gists/1307521/snippet.py,0,False,172.3,failed,
1308865,/gists/1308865/snippet.py,0,True,12.1,solved,
1309895,/gists/1309895/snippet.py,0,False,19.7,failed,
130cd92dc47c56c47030,/gists/130cd92dc47c56c47030/snippet.py,0,True,16.2,solved,
1310549,/gists/1310549/snippet.py,0,True,27.6,solved,
1315148,/gists/1315148/snippet.py,0,False,109.8,failed,
1320970,/gists/1320970/snippet.py,0,False,19.2,failed,
1321295,/gists/1321295/snippet.py,0,False,192.4,failed,
1321575,/gists/1321575/snippet.py,0,True,11.8,solved,
1321585,/gists/1321585/snippet.py,0,True,12.9,solved,
1323194,/gists/1323194/snippet.py,0,False,16.5,failed,
1326477,/gists/1326477/snippet.py,0,False,328.0,failed,
1327072,/gists/1327072/snippet.py,0,True,12.9,solved,
1329319,/gists/1329319/snippet.py,0,True,10.2,solved,
1337131,/gists/1337131/snippet.py,0,False,263.0,failed,
1338222,/gists/1338222/snippet.py,0,True,27.5,solved,
1342497,/gists/1342497/snippet.py,0,False,221.9,failed,
1342942,/gists/1342942/snippet.py,0,False,10.7,failed,
1343455,/gists/1343455/snippet.py,0,False,255.9,failed,
134acb5f7423312effcc98ec56679136,/gists/134acb5f7423312effcc98ec56679136/snippet.py,0,False,179.8,failed,
1350641,/gists/1350641/snippet.py,0,True,15.2,solved,
1351047,/gists/1351047/snippet.py,0,True,46.0,solved,
1352028,/gists/1352028/snippet.py,0,False,22.9,failed,
1355170,/gists/1355170/snippet.py,0,False,129.9,failed,
1357185,/gists/1357185/snippet.py,0,False,15.2,failed,
1358794,/gists/1358794/snippet.py,0,False,28.2,failed,
1361643,/gists/1361643/snippet.py,0,False,20.1,failed,
13623f68e36fdad4cb67,/gists/13623f68e36fdad4cb67/snippet.py,0,True,26.2,solved,
1362a8908be01e23041d,/gists/1362a8908be01e23041d/snippet.py,0,False,163.9,failed,
1363730,/gists/1363730/snippet.py,0,True,16.7,solved,
1367378,/gists/1367378/snippet.py,0,True,14.1,solved,
1369619,/gists/1369619/snippet.py,0,True,11.0,solved,
1372780,/gists/1372780/snippet.py,0,True,27.7,solved,
137653,/gists/137653/snippet.py,0,False,79.1,failed,
137667,/gists/137667/snippet.py,0,False,26.0,failed,
1379479,/gists/1379479/snippet.py,0,False,22.9,failed,
1379652,/gists/1379652/snippet.py,0,True,10.7,solved,
1381489,/gists/1381489/snippet.py,0,False,18.2,failed,
1382972,/gists/1382972/snippet.py,0,True,14.8,solved,
1387470,/gists/1387470/snippet.py,0,True,82.2,solved,
1388243,/gists/1388243/snippet.py,0,True,7.5,solved,
1390853,/gists/1390853/snippet.py,0,True,10.5,solved,
1395810,/gists/1395810/snippet.py,0,False,133.0,failed,
139f710ca91ed5fabaf9e6616d2c762b,/gists/139f710ca91ed5fabaf9e6616d2c762b/snippet.py,0,True,24.6,solved,
13f02f45a41ad90f454f,/gists/13f02f45a41ad90f454f/snippet.py,0,False,115.7,failed,
1401195,/gists/1401195/snippet.py,0,False,168.0,failed,
1402045,/gists/1402045/snippet.py,0,True,14.0,solved,
1402892,/gists/1402892/snippet.py,0,True,65.1,solved,
1410088,/gists/1410088/snippet.py,0,False,20.9,failed,
1410094,/gists/1410094/snippet.py,0,False,38.1,failed,
1411980,/gists/1411980/snippet.py,0,True,9.2,solved,
1417f55cb896a44e68a6,/gists/1417f55cb896a44e68a6/snippet.py,0,False,180.6,failed,
1423116,/gists/1423116/snippet.py,0,False,19.1,failed,
1423373,/gists/1423373/snippet.py,0,True,10.4,solved,
1424374,/gists/1424374/snippet.py,0,False,29.1,failed,
1433392,/gists/1433392/snippet.py,0,True,12.5,solved,
1433794,/gists/1433794/snippet.py,0,True,12.5,solved,
1435045,/gists/1435045/snippet.py,0,True,79.7,solved,
1435555,/gists/1435555/snippet.py,0,True,16.4,solved,
1436671,/gists/1436671/snippet.py,0,False,256.7,failed,
143e65a425722dc2f3d0,/gists/143e65a425722dc2f3d0/snippet.py,0,True,44.7,solved,
1440567,/gists/1440567/snippet.py,0,True,10.6,solved,
1440754,/gists/1440754/snippet.py,0,True,27.7,solved,
1441019,/gists/1441019/snippet.py,0,True,13.4,solved,
144747,/gists/144747/snippet.py,0,True,9.9,solved,
1451300,/gists/1451300/snippet.py,0,True,53.8,solved,
1453629,/gists/1453629/snippet.py,0,True,15.9,solved,
1459283a9c934cbc41f3,/gists/1459283a9c934cbc41f3/snippet.py,0,False,185.5,failed,
1467584,/gists/1467584/snippet.py,0,False,18.9,failed,
1473120,/gists/1473120/snippet.py,0,True,11.9,solved,
1483322,/gists/1483322/snippet.py,0,True,15.7,solved,
1486762,/gists/1486762/snippet.py,0,False,85.5,failed,
1495011,/gists/1495011/snippet.py,0,False,100.8,failed,
1497850,/gists/1497850/snippet.py,0,False,154.0,failed,
14a8d6bf4783f4704c8a,/gists/14a8d6bf4783f4704c8a/snippet.py,0,False,292.9,failed,
14f34c2b8153d9b4f336df8535b3416a,/gists/14f34c2b8153d9b4f336df8535b3416a/snippet.py,0,True,32.8,solved,
1507152,/gists/1507152/snippet.py,0,True,11.5,solved,
1509946,/gists/1509946/snippet.py,0,False,14.6,failed,
1516095,/gists/1516095/snippet.py,0,False,131.4,failed,
1519543,/gists/1519543/snippet.py,0,False,17.3,failed,
1521059,/gists/1521059/snippet.py,0,False,26.2,failed,
1522bcdb5b05365c0222,/gists/1522bcdb5b05365c0222/snippet.py,0,False,108.6,failed,
1526444,/gists/1526444/snippet.py,0,True,10.8,solved,
152f15b2dadca9a74039aeab944714af,/gists/152f15b2dadca9a74039aeab944714af/snippet.py,0,False,27.7,failed,
1534135a419bb0b957b9,/gists/1534135a419bb0b957b9/snippet.py,0,True,131.7,solved,
1545255,/gists/1545255/snippet.py,0,True,10.8,solved,
1551619,/gists/1551619/snippet.py,0,False,128.3,failed,
1554441,/gists/1554441/snippet.py,0,True,11.5,solved,
1556251,/gists/1556251/snippet.py,0,True,21.6,solved,
1558831,/gists/1558831/snippet.py,0,False,36.5,failed,
1561144,/gists/1561144/snippet.py,0,True,30.2,solved,
1567224,/gists/1567224/snippet.py,0,False,45.5,failed,
1572547,/gists/1572547/snippet.py,0,False,133.3,failed,
1574231,/gists/1574231/snippet.py,0,False,180.8,failed,
1589531,/gists/1589531/snippet.py,0,True,12.1,solved,
1590178,/gists/1590178/snippet.py,0,True,12.9,solved,
15b3c2a2e9bc7a3c345138a32e029969,/gists/15b3c2a2e9bc7a3c345138a32e029969/snippet.py,0,True,32.6,solved,
15f0772db25343be0bb7072f15992a4e,/gists/15f0772db25343be0bb7072f15992a4e/snippet.py,0,True,8.5,solved,
1600408,/gists/1600408/snippet.py,0,True,23.8,solved,
1608287,/gists/1608287/snippet.py,0,False,20.1,failed,
160c990c61c5f527445c,/gists/160c990c61c5f527445c/snippet.py,0,True,15.1,solved,
1610922,/gists/1610922/snippet.py,0,True,12.7,solved,
1628838,/gists/1628838/snippet.py,0,True,7.5,solved,
1638546,/gists/1638546/snippet.py,0,False,38.1,failed,
1638695,/gists/1638695/snippet.py,0,True,15.9,solved,
1639941,/gists/1639941/snippet.py,0,False,116.9,failed,
163f5fdf47ab45d7addd,/gists/163f5fdf47ab45d7addd/snippet.py,0,False,14.2,failed,
1646117,/gists/1646117/snippet.py,0,False,113.0,failed,
1650115,/gists/1650115/snippet.py,0,False,121.9,failed,
1650418,/gists/1650418/snippet.py,0,False,85.1,failed,
1653394,/gists/1653394/snippet.py,0,False,33.6,failed,
166499794efcdfde4d00,/gists/166499794efcdfde4d00/snippet.py,0,False,19.7,failed,
1676440,/gists/1676440/snippet.py,0,True,26.0,solved,
1679110,/gists/1679110/snippet.py,0,True,11.5,solved,
1685139,/gists/1685139/snippet.py,0,False,26.0,failed,
1685580,/gists/1685580/snippet.py,0,False,10.2,failed,
1688557,/gists/1688557/snippet.py,0,True,4.9,solved,
168c9d74b988391e702aac5f4aa69e41,/gists/168c9d74b988391e702aac5f4aa69e41/snippet.py,0,True,6.0,solved,
1693769,/gists/1693769/snippet.py,0,True,8.0,solved,
1694496,/gists/1694496/snippet.py,0,False,13.8,failed,
16c0eb09d232461a773c22803a3df35e,/gists/16c0eb09d232461a773c22803a3df35e/snippet.py,0,False,6.4,failed,
16ce4914683da30f87d0,/gists/16ce4914683da30f87d0/snippet.py,0,True,9.0,solved,
16e35ed936bab863a29b,/gists/16e35ed936bab863a29b/snippet.py,0,False,40.8,failed,
1701305,/gists/1701305/snippet.py,0,False,24.6,failed,
1701845,/gists/1701845/snippet.py,0,False,34.8,failed,
1702293,/gists/1702293/snippet.py,0,True,14.1,solved,
1705235,/gists/1705235/snippet.py,0,True,125.1,solved,
1707483,/gists/1707483/snippet.py,0,True,11.6,solved,
1710122,/gists/1710122/snippet.py,0,True,14.3,solved,
1714d2952c09b96ba2d8777f1cbf9de1,/gists/1714d2952c09b96ba2d8777f1cbf9de1/snippet.py,0,False,34.5,failed,
1715202,/gists/1715202/snippet.py,0,True,10.8,solved,
1716699,/gists/1716699/snippet.py,0,False,54.3,failed,
1720032,/gists/1720032/snippet.py,0,True,7.0,solved,
1722150,/gists/1722150/snippet.py,0,False,29.1,failed,
1722465,/gists/1722465/snippet.py,0,True,21.8,solved,
1722663,/gists/1722663/snippet.py,0,False,35.1,failed,
1727204,/gists/1727204/snippet.py,0,True,9.2,solved,
1728255,/gists/1728255/snippet.py,0,False,26.8,failed,
173778fd95b9e21afd1aa4ed16bb0694,/gists/173778fd95b9e21afd1aa4ed16bb0694/snippet.py,0,True,6.8,solved,
174056,/gists/174056/snippet.py,0,True,22.0,solved,
1748a6676120a0aacea2,/gists/1748a6676120a0aacea2/snippet.py,0,True,6.9,solved,
1752014,/gists/1752014/snippet.py,0,True,12.2,solved,
1757120,/gists/1757120/snippet.py,0,False,6.6,failed,
1757c55017ef2bfcc070909bdf0e6547,/gists/1757c55017ef2bfcc070909bdf0e6547/snippet.py,0,True,6.3,solved,
1760854,/gists/1760854/snippet.py,0,True,9.2,solved,
1761714,/gists/1761714/snippet.py,0,True,0,skipped,
1766791,/gists/1766791/snippet.py,0,False,11.2,failed,
1771937,/gists/1771937/snippet.py,0,True,0,skipped,
1773870,/gists/1773870/snippet.py,0,False,37.2,failed,
1776202,/gists/1776202/snippet.py,0,True,4.9,solved,
177e37756c833768a21d446cc4921c6e,/gists/177e37756c833768a21d446cc4921c6e/snippet.py,0,True,40.9,solved,
1780878,/gists/1780878/snippet.py,0,False,24.0,failed,
1788517,/gists/1788517/snippet.py,0,True,11.4,solved,
1791644,/gists/1791644/snippet.py,0,True,8.6,solved,
1792428,/gists/1792428/snippet.py,0,False,7.1,failed,
1792732,/gists/1792732/snippet.py,0,True,4.9,solved,
1795840,/gists/1795840/snippet.py,0,False,15.0,failed,
1805981,/gists/1805981/snippet.py,0,False,11.2,failed,
1808234,/gists/1808234/snippet.py,0,False,5.1,failed,
1810707,/gists/1810707/snippet.py,0,True,8.6,solved,
1815146,/gists/1815146/snippet.py,0,False,6.1,failed,
1818351,/gists/1818351/snippet.py,0,True,5.8,solved,
1820074,/gists/1820074/snippet.py,0,False,10.8,failed,
1820829,/gists/1820829/snippet.py,0,True,6.8,solved,
1823320,/gists/1823320/snippet.py,0,True,9.0,solved,
18235723e926be0afbdd,/gists/18235723e926be0afbdd/snippet.py,0,False,3.3,failed,
1825401,/gists/1825401/snippet.py,0,False,5.8,failed,
1835224,/gists/1835224/snippet.py,0,False,25.1,failed,
1844928,/gists/1844928/snippet.py,0,False,53.1,failed,
18531dba2bec928424c0,/gists/18531dba2bec928424c0/snippet.py,0,True,35.3,solved,
1858252,/gists/1858252/snippet.py,0,True,10.4,solved,
1860715,/gists/1860715/snippet.py,0,False,10.0,failed,
1871929,/gists/1871929/snippet.py,0,True,9.8,solved,
1873692,/gists/1873692/snippet.py,0,False,10.0,failed,
1876859,/gists/1876859/snippet.py,0,False,13.4,failed,
1877577,/gists/1877577/snippet.py,0,False,21.0,failed,
187895beb89f0a1b3a54,/gists/187895beb89f0a1b3a54/snippet.py,0,True,26.8,solved,
1878983,/gists/1878983/snippet.py,0,True,70.6,solved,
1879626,/gists/1879626/snippet.py,0,False,52.1,failed,
1882562,/gists/1882562/snippet.py,0,True,13.5,solved,
18a73aa5dab4b574e2f5,/gists/18a73aa5dab4b574e2f5/snippet.py,0,True,5.6,solved,
18a8e06c2b179bb78353fbacfeee82da,/gists/18a8e06c2b179bb78353fbacfeee82da/snippet.py,0,False,7.8,failed,
18e6b6ed5d69b057e773,/gists/18e6b6ed5d69b057e773/snippet.py,0,False,49.6,failed,
1907f96e6e680bbeb15393d4f441b55e,/gists/1907f96e6e680bbeb15393d4f441b55e/snippet.py,0,False,8.3,failed,
1911238,/gists/1911238/snippet.py,0,False,26.2,failed,
1912053,/gists/1912053/snippet.py,0,False,7.7,failed,
19154831c2049a69e8d53dea8cf3e744,/gists/19154831c2049a69e8d53dea8cf3e744/snippet.py,0,True,365.5,solved,
1918389,/gists/1918389/snippet.py,0,False,12.1,failed,
1919511,/gists/1919511/snippet.py,0,True,15.0,solved,
191d15e28c39246a2525,/gists/191d15e28c39246a2525/snippet.py,0,True,12.9,solved,
1920535,/gists/1920535/snippet.py,0,False,11.1,failed,
1927a29f642593861afc,/gists/1927a29f642593861afc/snippet.py,0,True,39.0,solved,
1928063,/gists/1928063/snippet.py,0,True,8.9,solved,
19284bd220165758a0c953ae25108b6b,/gists/19284bd220165758a0c953ae25108b6b/snippet.py,0,False,11.1,failed,
19317d3e4b9a58f2355e7643040d483a,/gists/19317d3e4b9a58f2355e7643040d483a/snippet.py,0,False,6.2,failed,
1935808,/gists/1935808/snippet.py,0,True,20.2,solved,
1940208,/gists/1940208/snippet.py,0,False,47.5,failed,
1943426,/gists/1943426/snippet.py,0,True,20.2,solved,
1947166,/gists/1947166/snippet.py,0,True,14.4,solved,
1950267,/gists/1950267/snippet.py,0,False,12.3,failed,
1951709,/gists/1951709/snippet.py,0,False,5.0,failed,
1969d4648458cf876af92b3507856d70,/gists/1969d4648458cf876af92b3507856d70/snippet.py,0,False,20.4,failed,
1971061,/gists/1971061/snippet.py,0,False,22.6,failed,
1997771,/gists/1997771/snippet.py,0,True,15.1,solved,
19a4b105d1dff9a591b8,/gists/19a4b105d1dff9a591b8/snippet.py,0,False,6.1,failed,
19d2397ff8da1952556cf2417d965f6c,/gists/19d2397ff8da1952556cf2417d965f6c/snippet.py,0,True,20.8,solved,
1a43c785226a06a72872,/gists/1a43c785226a06a72872/snippet.py,0,False,9.1,failed,
1ad56b7720af8d706e7f22cbcb8c6d70,/gists/1ad56b7720af8d706e7f22cbcb8c6d70/snippet.py,0,True,83.2,solved,
1aefa4509e066690b892,/gists/1aefa4509e066690b892/snippet.py,0,True,18.3,solved,
1b42a20c8f3eb9bb7cb8,/gists/1b42a20c8f3eb9bb7cb8/snippet.py,0,False,13.5,failed,
1b49c03968b2c83897a4a15c78980b18,/gists/1b49c03968b2c83897a4a15c78980b18/snippet.py,0,True,76.6,solved,
1b94c541ffc158d3e668810b75d69405,/gists/1b94c541ffc158d3e668810b75d69405/snippet.py,0,True,6.2,solved,
1bd64fbbbc07f2a7634bcb9275929dac,/gists/1bd64fbbbc07f2a7634bcb9275929dac/snippet.py,0,False,6.6,failed,
1c160c9eee91fd44c587,/gists/1c160c9eee91fd44c587/snippet.py,0,False,66.7,failed,
1c3176fe9e38dcaadd1e56c2f15c95d9,/gists/1c3176fe9e38dcaadd1e56c2f15c95d9/snippet.py,0,False,29.9,failed,
1c48360bde201b3d54ab,/gists/1c48360bde201b3d54ab/snippet.py,0,False,18.1,failed,
1c9b352ba19b5e33f9c4,/gists/1c9b352ba19b5e33f9c4/snippet.py,0,False,7.6,failed,
1cae669defce037511ada4e0ed01b3cd,/gists/1cae669defce037511ada4e0ed01b3cd/snippet.py,0,True,24.5,solved,
1cb4d81fed37fd06ef60d08c1181f557,/gists/1cb4d81fed37fd06ef60d08c1181f557/snippet.py,0,True,109.4,solved,
1cb65c4b5be2575ea3ab,/gists/1cb65c4b5be2575ea3ab/snippet.py,0,False,10.7,failed,
1cd6ce82490d2c0f2e0a,/gists/1cd6ce82490d2c0f2e0a/snippet.py,0,False,6.7,failed,
1cec2b3d8aeaaa102e3b,/gists/1cec2b3d8aeaaa102e3b/snippet.py,0,False,6.2,failed,
1d08fa7af5ab846211ace2447e1e3e8a,/gists/1d08fa7af5ab846211ace2447e1e3e8a/snippet.py,0,False,6.4,failed,
1d596ca757a541da96ac3caa6f291229,/gists/1d596ca757a541da96ac3caa6f291229/snippet.py,0,False,280.3,failed,
1d5b3ad08201b7df48c7f25a169d0021,/gists/1d5b3ad08201b7df48c7f25a169d0021/snippet.py,0,True,59.2,solved,
1d7cb531bb8fff8c228b7710126bcc33,/gists/1d7cb531bb8fff8c228b7710126bcc33/snippet.py,0,True,5.7,solved,
1d878d0401b28b281eb75016ed29f2ee,/gists/1d878d0401b28b281eb75016ed29f2ee/snippet.py,0,True,59.3,solved,
1da13f548200d9fb2b06,/gists/1da13f548200d9fb2b06/snippet.py,0,False,25.8,failed,
1ddc318b4124ed152f6d,/gists/1ddc318b4124ed152f6d/snippet.py,0,True,8.0,solved,
1df6d34cd1b2861eb6b7432ee7245ccd,/gists/1df6d34cd1b2861eb6b7432ee7245ccd/snippet.py,0,False,11.8,failed,
1e1d383fb21841e8f144,/gists/1e1d383fb21841e8f144/snippet.py,0,True,127.6,solved,
1e2600ed62d5e76b21ee,/gists/1e2600ed62d5e76b21ee/snippet.py,0,True,176.9,solved,
1e5404260b7e3a8ba4ba0a0d62c0cf75,/gists/1e5404260b7e3a8ba4ba0a0d62c0cf75/snippet.py,0,True,4.9,solved,
1e58686b6d5193cbaf30,/gists/1e58686b6d5193cbaf30/snippet.py,0,False,17.3,failed,
1e7c18c6f6eda87f1cb4995b0e6a22a5,/gists/1e7c18c6f6eda87f1cb4995b0e6a22a5/snippet.py,0,True,75.6,solved,
1e7c794842755683162b,/gists/1e7c794842755683162b/snippet.py,0,True,10.2,solved,
1e7e3c1da32d00f8ce0dff6b86fd45fe,/gists/1e7e3c1da32d00f8ce0dff6b86fd45fe/snippet.py,0,True,5.5,solved,
1e8ab5bcf1a3af2c20de,/gists/1e8ab5bcf1a3af2c20de/snippet.py,0,True,7.8,solved,
1ebaeaaa7f7408647fef,/gists/1ebaeaaa7f7408647fef/snippet.py,0,False,9.4,failed,
1ed9763ab4aa98516a7d,/gists/1ed9763ab4aa98516a7d/snippet.py,0,True,13.9,solved,
1f140573b37939e78eb5,/gists/1f140573b37939e78eb5/snippet.py,0,False,44.7,failed,
1f66e4d58074d64c8268,/gists/1f66e4d58074d64c8268/snippet.py,0,True,8.6,solved,
1f8dfb1b5c82627ae3efcfbbadb9f514,/gists/1f8dfb1b5c82627ae3efcfbbadb9f514/snippet.py,0,True,41.0,solved,
1fa4f3360ffdb1e69507,/gists/1fa4f3360ffdb1e69507/snippet.py,0,False,3.8,failed,
1fe7b9ef3e6108216759,/gists/1fe7b9ef3e6108216759/snippet.py,0,True,4.9,solved,
2005165,/gists/2005165/snippet.py,0,True,8.3,solved,
20089f4abf9706d0cdc4,/gists/20089f4abf9706d0cdc4/snippet.py,0,True,22.4,solved,
2011426,/gists/2011426/snippet.py,0,True,8.7,solved,
2019037,/gists/2019037/snippet.py,0,True,32.6,solved,
2020955,/gists/2020955/snippet.py,0,True,40.7,solved,
2021781,/gists/2021781/snippet.py,0,True,6.0,solved,
2025129,/gists/2025129/snippet.py,0,True,4.9,solved,
2030390,/gists/2030390/snippet.py,0,True,4.9,solved,
2031484,/gists/2031484/snippet.py,0,True,27.9,solved,
2032428,/gists/2032428/snippet.py,0,False,6.1,failed,
2032745,/gists/2032745/snippet.py,0,False,7.9,failed,
20336,/gists/20336/snippet.py,0,False,15.1,failed,
2038329,/gists/2038329/snippet.py,0,True,19.6,solved,
204a609ee295c81c3cc202ecbe68752c,/gists/204a609ee295c81c3cc202ecbe68752c/snippet.py,0,True,15.3,solved,
2054744,/gists/2054744/snippet.py,0,True,4.9,solved,
2061456,/gists/2061456/snippet.py,0,True,9.3,solved,
2068759,/gists/2068759/snippet.py,0,True,71.7,solved,
2083178,/gists/2083178/snippet.py,0,True,12.5,solved,
20a147e657ee5e8d8666,/gists/20a147e657ee5e8d8666/snippet.py,0,True,18.1,solved,
20a36f89546854cc434ecee70522cb8d,/gists/20a36f89546854cc434ecee70522cb8d/snippet.py,0,False,30.7,failed,
20d90e1f21792a67eb6d27c445aa7a1f,/gists/20d90e1f21792a67eb6d27c445aa7a1f/snippet.py,0,True,5.7,solved,
211868b4f589428d2626,/gists/211868b4f589428d2626/snippet.py,0,True,5.8,solved,
2142891,/gists/2142891/snippet.py,0,True,7.8,solved,
215101,/gists/215101/snippet.py,0,False,5.7,failed,
2152643,/gists/2152643/snippet.py,0,False,3.5,failed,
215274,/gists/215274/snippet.py,0,True,8.8,solved,
2172888,/gists/2172888/snippet.py,0,True,13.7,solved,
217bfb7e54c6f75b9b1b2b3d73a1a43a,/gists/217bfb7e54c6f75b9b1b2b3d73a1a43a/snippet.py,0,False,3.4,failed,
2184906,/gists/2184906/snippet.py,0,False,10.6,failed,
2192812,/gists/2192812/snippet.py,0,False,83.7,failed,
21b4442b7e7f36f6a17b,/gists/21b4442b7e7f36f6a17b/snippet.py,0,True,12.1,solved,
21fbffd7a7990f5e066c,/gists/21fbffd7a7990f5e066c/snippet.py,0,False,62.9,failed,
2203822,/gists/2203822/snippet.py,0,False,2.8,failed,
2205aa857901be69a4186b7a74334a41,/gists/2205aa857901be69a4186b7a74334a41/snippet.py,0,True,9.2,solved,
220d56ea6fe9a85a4d762128b11adfba,/gists/220d56ea6fe9a85a4d762128b11adfba/snippet.py,0,True,10.4,solved,
2213915,/gists/2213915/snippet.py,0,True,28.5,solved,
221685a8e03a01baaf1e,/gists/221685a8e03a01baaf1e/snippet.py,0,True,9.8,solved,
2220293,/gists/2220293/snippet.py,0,False,17.9,failed,
2229985,/gists/2229985/snippet.py,0,False,10.0,failed,
2232681,/gists/2232681/snippet.py,0,False,7.4,failed,
2245426,/gists/2245426/snippet.py,0,False,54.2,failed,
2280363,/gists/2280363/snippet.py,0,True,7.1,solved,
2288152,/gists/2288152/snippet.py,0,True,4.9,solved,
228998,/gists/228998/snippet.py,0,True,71.4,solved,
22935c16da4eda92762f,/gists/22935c16da4eda92762f/snippet.py,0,False,9.0,failed,
2301119,/gists/2301119/snippet.py,0,True,14.8,solved,
2310005,/gists/2310005/snippet.py,0,True,28.2,solved,
2321077,/gists/2321077/snippet.py,0,True,4.9,solved,
2337dd6cf56f2845bfa901a6b9c430ae,/gists/2337dd6cf56f2845bfa901a6b9c430ae/snippet.py,0,False,23.6,failed,
2338529,/gists/2338529/snippet.py,0,False,5.7,failed,
2344345,/gists/2344345/snippet.py,0,True,8.9,solved,
2351057,/gists/2351057/snippet.py,0,False,55.4,failed,
2351079,/gists/2351079/snippet.py,0,True,8.2,solved,
2358089,/gists/2358089/snippet.py,0,False,6.1,failed,
23585f7f50005408fc72,/gists/23585f7f50005408fc72/snippet.py,0,True,313.4,solved,
23703b934c442a54808e245d9418545a,/gists/23703b934c442a54808e245d9418545a/snippet.py,0,False,13.2,failed,
2371c78fc0a5c8935a7a,/gists/2371c78fc0a5c8935a7a/snippet.py,0,True,9.7,solved,
2379572,/gists/2379572/snippet.py,0,False,2.9,failed,
238302,/gists/238302/snippet.py,0,True,6.4,solved,
2392540,/gists/2392540/snippet.py,0,False,10.0,failed,
2395528ca82e1a9b1b5f34391f00e19c,/gists/2395528ca82e1a9b1b5f34391f00e19c/snippet.py,0,True,11.4,solved,
2397ca6bea914adedb30b8bad4d14686,/gists/2397ca6bea914adedb30b8bad4d14686/snippet.py,0,False,223.2,failed,
2406a3034b4afb800290,/gists/2406a3034b4afb800290/snippet.py,0,False,17.6,failed,
2408388,/gists/2408388/snippet.py,0,False,18.4,failed,
2416148,/gists/2416148/snippet.py,0,True,26.4,solved,
2420407,/gists/2420407/snippet.py,0,True,19.7,solved,
242176c5bdb282b0a327,/gists/242176c5bdb282b0a327/snippet.py,0,True,7.3,solved,
2423179,/gists/2423179/snippet.py,0,False,4.0,failed,
2428250,/gists/2428250/snippet.py,0,False,10.0,failed,
2433411,/gists/2433411/snippet.py,0,True,9.2,solved,
2438871,/gists/2438871/snippet.py,0,False,14.3,failed,
246474141cbe588eb9fb,/gists/246474141cbe588eb9fb/snippet.py,0,True,77.1,solved,
246727,/gists/246727/snippet.py,0,True,8.9,solved,
2471505,/gists/2471505/snippet.py,0,False,8.1,failed,
2475758,/gists/2475758/snippet.py,0,True,7.1,solved,
2477361,/gists/2477361/snippet.py,0,False,7.4,failed,
247d1f1e86fa3749429791cf457052e2,/gists/247d1f1e86fa3749429791cf457052e2/snippet.py,0,True,5.7,solved,
2511428,/gists/2511428/snippet.py,0,False,10.4,failed,
2511464,/gists/2511464/snippet.py,0,True,80.8,solved,
2522574,/gists/2522574/snippet.py,0,False,5.5,failed,
2545a281e3f17ba6ef82,/gists/2545a281e3f17ba6ef82/snippet.py,0,False,2.9,failed,
256155,/gists/256155/snippet.py,0,False,41.6,failed,
2571471,/gists/2571471/snippet.py,0,False,14.1,failed,
2577781,/gists/2577781/snippet.py,0,False,21.3,failed,
2581132,/gists/2581132/snippet.py,0,True,6.4,solved,
2584789,/gists/2584789/snippet.py,0,True,6.2,solved,
258a248d20334e781b56,/gists/258a248d20334e781b56/snippet.py,0,False,181.1,failed,
2590850,/gists/2590850/snippet.py,0,False,5.2,failed,
25b92260471cfbdc8054,/gists/25b92260471cfbdc8054/snippet.py,0,False,16.3,failed,
25d48938c07b73541361,/gists/25d48938c07b73541361/snippet.py,0,False,3.1,failed,
25d98841e6a82f30ae5cac24e9039856,/gists/25d98841e6a82f30ae5cac24e9039856/snippet.py,0,True,9.0,solved,
2604241,/gists/2604241/snippet.py,0,True,10.6,solved,
260617,/gists/260617/snippet.py,0,False,29.1,failed,
261818,/gists/261818/snippet.py,0,False,24.2,failed,
2620735,/gists/2620735/snippet.py,0,False,61.9,failed,
2620876,/gists/2620876/snippet.py,0,False,18.6,failed,
2623926,/gists/2623926/snippet.py,0,False,19.6,failed,
2628382,/gists/2628382/snippet.py,0,True,57.2,solved,
263113,/gists/263113/snippet.py,0,True,16.2,solved,
2632394,/gists/2632394/snippet.py,0,False,13.4,failed,
2635074,/gists/2635074/snippet.py,0,False,7.3,failed,
2636213,/gists/2636213/snippet.py,0,False,40.8,failed,
2638485,/gists/2638485/snippet.py,0,True,6.9,solved,
265a43f255716c11cc62,/gists/265a43f255716c11cc62/snippet.py,0,False,10.5,failed,
265e68a5e879b5540ebc,/gists/265e68a5e879b5540ebc/snippet.py,0,True,88.6,solved,
2660685,/gists/2660685/snippet.py,0,True,22.1,solved,
2661065,/gists/2661065/snippet.py,0,False,20.8,failed,
268379,/gists/268379/snippet.py,0,True,5.9,solved,
2691939,/gists/2691939/snippet.py,0,False,8.3,failed,
2692786,/gists/2692786/snippet.py,0,False,28.1,failed,
2692960,/gists/2692960/snippet.py,0,True,4.9,solved,
26a33ce1e82092b4d2dbdf18c3610fde,/gists/26a33ce1e82092b4d2dbdf18c3610fde/snippet.py,0,True,6.5,solved,
2704426,/gists/2704426/snippet.py,0,False,6.1,failed,
2705927,/gists/2705927/snippet.py,0,True,10.1,solved,
2708979,/gists/2708979/snippet.py,0,False,7.9,failed,
271862,/gists/271862/snippet.py,0,False,43.0,failed,
2719812,/gists/2719812/snippet.py,0,False,80.8,failed,
2721811,/gists/2721811/snippet.py,0,False,6.7,failed,
2725286,/gists/2725286/snippet.py,0,True,5.6,solved,
2729506,/gists/2729506/snippet.py,0,False,28.1,failed,
273bef4c5b4490c687b2f92ee721b546,/gists/273bef4c5b4490c687b2f92ee721b546/snippet.py,0,False,69.3,failed,
2757171,/gists/2757171/snippet.py,0,True,6.0,solved,
2760477,/gists/2760477/snippet.py,0,False,57.7,failed,
2760f2f12201f638d7de,/gists/2760f2f12201f638d7de/snippet.py,0,True,4.9,solved,
2764305,/gists/2764305/snippet.py,0,True,7.9,solved,
2768310,/gists/2768310/snippet.py,0,True,16.5,solved,
276a2b26cab5bc22d882,/gists/276a2b26cab5bc22d882/snippet.py,0,False,47.5,failed,
2773137,/gists/2773137/snippet.py,0,False,3.5,failed,
27737c5f2de213216360,/gists/27737c5f2de213216360/snippet.py,0,True,5.2,solved,
2778605,/gists/2778605/snippet.py,0,True,10.1,solved,
2779820,/gists/2779820/snippet.py,0,True,9.6,solved,
2783865,/gists/2783865/snippet.py,0,False,26.4,failed,
2786290,/gists/2786290/snippet.py,0,False,18.5,failed,
2787060,/gists/2787060/snippet.py,0,False,7.7,failed,
2788978,/gists/2788978/snippet.py,0,False,8.0,failed,
2790749,/gists/2790749/snippet.py,0,True,17.7,solved,
2792956,/gists/2792956/snippet.py,0,True,9.0,solved,
2798682,/gists/2798682/snippet.py,0,False,7.1,failed,
27a1eea9f1d01056ebb0,/gists/27a1eea9f1d01056ebb0/snippet.py,0,False,10.0,failed,
27ab7d2a30bbaf5ef431b4a02194ac60,/gists/27ab7d2a30bbaf5ef431b4a02194ac60/snippet.py,0,True,29.8,solved,
27bbd6895c0afb314879,/gists/27bbd6895c0afb314879/snippet.py,0,True,6.7,solved,
27dd0d768ccede849051,/gists/27dd0d768ccede849051/snippet.py,0,False,5.8,failed,
27f33798d12317575c6c,/gists/27f33798d12317575c6c/snippet.py,0,False,10.8,failed,
2816295,/gists/2816295/snippet.py,0,True,8.2,solved,
2821234,/gists/2821234/snippet.py,0,True,6.3,solved,
2821544,/gists/2821544/snippet.py,0,False,13.2,failed,
2830057,/gists/2830057/snippet.py,0,False,15.7,failed,
2836237,/gists/2836237/snippet.py,0,True,4.9,solved,
283860,/gists/283860/snippet.py,0,False,8.2,failed,
2838603,/gists/2838603/snippet.py,0,False,6.2,failed,
2838927,/gists/2838927/snippet.py,0,False,5.8,failed,
2840020,/gists/2840020/snippet.py,0,False,8.7,failed,
284507,/gists/284507/snippet.py,0,False,19.4,failed,
2856099,/gists/2856099/snippet.py,0,True,4.9,solved,
2859545,/gists/2859545/snippet.py,0,False,32.8,failed,
2866253,/gists/2866253/snippet.py,0,True,4.9,solved,
2866461,/gists/2866461/snippet.py,0,True,76.5,solved,
286805,/gists/286805/snippet.py,0,False,12.6,failed,
2869341f38f5b1eeb86d,/gists/2869341f38f5b1eeb86d/snippet.py,0,True,4.9,solved,
2870240,/gists/2870240/snippet.py,0,False,17.3,failed,
2872d7f994d192188970408980267e6e,/gists/2872d7f994d192188970408980267e6e/snippet.py,0,True,6.3,solved,
287dbf64163fda470c89e8b992e112e0,/gists/287dbf64163fda470c89e8b992e112e0/snippet.py,0,True,166.0,solved,
28802627584b21ba1f6a,/gists/28802627584b21ba1f6a/snippet.py,0,False,16.3,failed,
2888158,/gists/2888158/snippet.py,0,False,31.8,failed,
2888380,/gists/2888380/snippet.py,0,True,7.0,solved,
2890739,/gists/2890739/snippet.py,0,False,12.3,failed,
2894514,/gists/2894514/snippet.py,0,False,4.6,failed,
2894704,/gists/2894704/snippet.py,0,False,10.5,failed,
2899595,/gists/2899595/snippet.py,0,True,9.6,solved,
28adf35f1e4ba3145e2d,/gists/28adf35f1e4ba3145e2d/snippet.py,0,True,6.3,solved,
28bf77e9a95ae6b70b14141feacb1f84,/gists/28bf77e9a95ae6b70b14141feacb1f84/snippet.py,0,False,27.0,failed,
28d2311cc6b28fe9bec0,/gists/28d2311cc6b28fe9bec0/snippet.py,0,False,12.8,failed,
28f95f95731a5a24e553,/gists/28f95f95731a5a24e553/snippet.py,0,True,6.0,solved,
2901479,/gists/2901479/snippet.py,0,False,115.7,failed,
2902213,/gists/2902213/snippet.py,0,True,4.9,solved,
290224,/gists/290224/snippet.py,0,True,5.2,solved,
2909661,/gists/2909661/snippet.py,0,True,31.1,solved,
2913338,/gists/2913338/snippet.py,0,True,4.9,solved,
2915436,/gists/2915436/snippet.py,0,True,8.1,solved,
2915875,/gists/2915875/snippet.py,0,True,7.9,solved,
294151,/gists/294151/snippet.py,0,False,3.8,failed,
2942127,/gists/2942127/snippet.py,0,False,10.3,failed,
2942374,/gists/2942374/snippet.py,0,True,19.2,solved,
2949632,/gists/2949632/snippet.py,0,True,7.9,solved,
2951556,/gists/2951556/snippet.py,0,True,8.8,solved,
2957026,/gists/2957026/snippet.py,0,False,40.7,failed,
296207,/gists/296207/snippet.py,0,False,21.7,failed,
2962884,/gists/2962884/snippet.py,0,True,7.2,solved,
2968620,/gists/2968620/snippet.py,0,False,3.2,failed,
2971450,/gists/2971450/snippet.py,0,True,5.4,solved,
2972ba872df05cb5f0c3,/gists/2972ba872df05cb5f0c3/snippet.py,0,True,10.1,solved,
2973355,/gists/2973355/snippet.py,0,False,329.9,failed,
2974887f3fab071c11a0,/gists/2974887f3fab071c11a0/snippet.py,0,True,12.4,solved,
2975718,/gists/2975718/snippet.py,0,True,4.9,solved,
2977d9f26866b05583b0c40d88a315bf,/gists/2977d9f26866b05583b0c40d88a315bf/snippet.py,0,True,58.2,solved,
2986210,/gists/2986210/snippet.py,0,False,16.8,failed,
2988354,/gists/2988354/snippet.py,0,True,14.6,solved,
2993700,/gists/2993700/snippet.py,0,False,17.4,failed,
2996448,/gists/2996448/snippet.py,0,False,7.0,failed,
2998372,/gists/2998372/snippet.py,0,False,6.1,failed,
299905,/gists/299905/snippet.py,0,False,6.1,failed,
29c51b6997c3e3bff568,/gists/29c51b6997c3e3bff568/snippet.py,0,True,8.8,solved,
2a1df455e7643926739e934e910cbf2e,/gists/2a1df455e7643926739e934e910cbf2e/snippet.py,0,True,37.4,solved,
2a5d283b0d279ea96c26,/gists/2a5d283b0d279ea96c26/snippet.py,0,True,5.0,solved,
2aa18ba3b821b2f580a2,/gists/2aa18ba3b821b2f580a2/snippet.py,0,False,7.0,failed,
2aa430e00dde0cf905a9,/gists/2aa430e00dde0cf905a9/snippet.py,0,False,29.8,failed,
2b19fd6f758ffd2e8ab9ec7d1f3f4b2c,/gists/2b19fd6f758ffd2e8ab9ec7d1f3f4b2c/snippet.py,0,True,36.5,solved,
2b2abbb88b5d2b4f4e5adde42975fd0f,/gists/2b2abbb88b5d2b4f4e5adde42975fd0f/snippet.py,0,False,4.9,failed,
2b3003f44b3ddf5931c9a5e61d8ba417,/gists/2b3003f44b3ddf5931c9a5e61d8ba417/snippet.py,0,False,116.2,failed,
2b83b1c47a18448d3cbf,/gists/2b83b1c47a18448d3cbf/snippet.py,0,False,38.7,failed,
2b8e2e05cf05a630b132,/gists/2b8e2e05cf05a630b132/snippet.py,0,True,16.3,solved,
2bcca0a7654168ef454f,/gists/2bcca0a7654168ef454f/snippet.py,0,True,29.2,solved,
2c0d9e1a0012065bb56c,/gists/2c0d9e1a0012065bb56c/snippet.py,0,False,8.0,failed,
2c6abf964810ed74802c,/gists/2c6abf964810ed74802c/snippet.py,0,True,27.2,solved,
2c7b95beed642248487a,/gists/2c7b95beed642248487a/snippet.py,0,False,12.8,failed,
2cb9c79df7a58db9e5ec,/gists/2cb9c79df7a58db9e5ec/snippet.py,0,False,8.2,failed,
2cf4998949f49b58ff284239784e1561,/gists/2cf4998949f49b58ff284239784e1561/snippet.py,0,False,15.1,failed,
2d4a4a8be57a9b8e94c7a4903d8d8bf8,/gists/2d4a4a8be57a9b8e94c7a4903d8d8bf8/snippet.py,0,True,9.3,solved,
2d6bbffce9dda5f3057b4879c3bd4422,/gists/2d6bbffce9dda5f3057b4879c3bd4422/snippet.py,0,True,9.3,solved,
2d971a5a087881a966c3,/gists/2d971a5a087881a966c3/snippet.py,0,True,6.0,solved,
2da57d5b039aab4da7ce,/gists/2da57d5b039aab4da7ce/snippet.py,0,False,4.7,failed,
2db1522dbfc5fe58b52c,/gists/2db1522dbfc5fe58b52c/snippet.py,0,False,16.1,failed,
2de2e9a156fe619dbdad762fe1cf84e1,/gists/2de2e9a156fe619dbdad762fe1cf84e1/snippet.py,0,True,37.6,solved,
2de48835250e5fceaa1b626099abfa53,/gists/2de48835250e5fceaa1b626099abfa53/snippet.py,0,True,77.9,solved,
2e0cbef7d50e8e7ef2d2,/gists/2e0cbef7d50e8e7ef2d2/snippet.py,0,False,11.8,failed,
2e11b48f431c53b101db6cb817b2fc7f,/gists/2e11b48f431c53b101db6cb817b2fc7f/snippet.py,0,True,4.9,solved,
2e3b989e0343f0884388ed7ed82eb3b0,/gists/2e3b989e0343f0884388ed7ed82eb3b0/snippet.py,0,True,54.9,solved,
2e466ff4e6b3425aba3c,/gists/2e466ff4e6b3425aba3c/snippet.py,0,False,29.7,failed,
2e90566e9497725065388859762a7185,/gists/2e90566e9497725065388859762a7185/snippet.py,0,False,349.0,failed,
2ec85f1f8fe0d4f44b6f,/gists/2ec85f1f8fe0d4f44b6f/snippet.py,0,False,10.7,failed,
2eec49ca1e4f58c5310d72918d991ef6,/gists/2eec49ca1e4f58c5310d72918d991ef6/snippet.py,0,True,29.8,solved,
2f0a1118edb70de95f6859cfa979fad5,/gists/2f0a1118edb70de95f6859cfa979fad5/snippet.py,0,True,4.9,solved,
2f1b9a255993bf9b2629,/gists/2f1b9a255993bf9b2629/snippet.py,0,True,15.8,solved,
2f8370ee83ab074f5b5e,/gists/2f8370ee83ab074f5b5e/snippet.py,0,False,14.5,failed,
2f8f55987ccc224e2342,/gists/2f8f55987ccc224e2342/snippet.py,0,False,29.9,failed,
2f904cb32be20d808481e04f5dd7fe0c,/gists/2f904cb32be20d808481e04f5dd7fe0c/snippet.py,0,False,162.1,failed,
2fe1c16a7cc27ef01c1f,/gists/2fe1c16a7cc27ef01c1f/snippet.py,0,True,25.1,solved,
2ff89e40721d1f1a007449f02aee3990,/gists/2ff89e40721d1f1a007449f02aee3990/snippet.py,0,False,3.3,failed,
3001099,/gists/3001099/snippet.py,0,True,9.7,solved,
3004168,/gists/3004168/snippet.py,0,False,15.5,failed,
3009143,/gists/3009143/snippet.py,0,False,46.9,failed,
3012089,/gists/3012089/snippet.py,0,False,4.4,failed,
3012306,/gists/3012306/snippet.py,0,False,11.2,failed,
3012318,/gists/3012318/snippet.py,0,False,11.4,failed,
3013470,/gists/3013470/snippet.py,0,True,4.9,solved,
3015625,/gists/3015625/snippet.py,0,True,6.9,solved,
3015852,/gists/3015852/snippet.py,0,True,56.5,solved,
3018527,/gists/3018527/snippet.py,0,False,70.6,failed,
3018bf3643f80798bde75c17571a38a9,/gists/3018bf3643f80798bde75c17571a38a9/snippet.py,0,True,12.6,solved,
3019988,/gists/3019988/snippet.py,0,False,46.4,failed,
3023497,/gists/3023497/snippet.py,0,False,3.2,failed,
3037448,/gists/3037448/snippet.py,0,False,37.3,failed,
3039696,/gists/3039696/snippet.py,0,False,55.4,failed,
3040846,/gists/3040846/snippet.py,0,False,35.3,failed,
3042651,/gists/3042651/snippet.py,0,True,5.5,solved,
3047772,/gists/3047772/snippet.py,0,False,185.4,failed,
304963,/gists/304963/snippet.py,0,False,4.9,failed,
304a77371c9e207a5fa42a6b874017d5,/gists/304a77371c9e207a5fa42a6b874017d5/snippet.py,0,True,9.0,solved,
305322,/gists/305322/snippet.py,0,False,35.7,failed,
3057138,/gists/3057138/snippet.py,0,False,16.3,failed,
3077639,/gists/3077639/snippet.py,0,False,183.8,failed,
3078465,/gists/3078465/snippet.py,0,False,15.4,failed,
3078764,/gists/3078764/snippet.py,0,False,9.1,failed,
3079065,/gists/3079065/snippet.py,0,False,52.6,failed,
3081369,/gists/3081369/snippet.py,0,False,6.9,failed,
3083085,/gists/3083085/snippet.py,0,False,5.0,failed,
30839ae0280a5077b8669757e5efa75d,/gists/30839ae0280a5077b8669757e5efa75d/snippet.py,0,False,8.1,failed,
3089556,/gists/3089556/snippet.py,0,False,15.8,failed,
3094847,/gists/3094847/snippet.py,0,True,5.6,solved,
3097851,/gists/3097851/snippet.py,0,True,5.3,solved,
309bed093f6a7084c855,/gists/309bed093f6a7084c855/snippet.py,0,True,32.1,solved,
30a5138e41cba69dc81c,/gists/30a5138e41cba69dc81c/snippet.py,0,True,31.2,solved,
30d2e626772e84edd688ba717a766c89,/gists/30d2e626772e84edd688ba717a766c89/snippet.py,0,False,20.4,failed,
31122eb9e4c0af8adeca,/gists/31122eb9e4c0af8adeca/snippet.py,0,True,11.3,solved,
3113810,/gists/3113810/snippet.py,0,False,12.5,failed,
3116927,/gists/3116927/snippet.py,0,True,4.9,solved,
3128835,/gists/3128835/snippet.py,0,True,15.2,solved,
3129692,/gists/3129692/snippet.py,0,True,22.5,solved,
3130141,/gists/3130141/snippet.py,0,False,17.4,failed,
313753,/gists/313753/snippet.py,0,False,24.7,failed,
313761,/gists/313761/snippet.py,0,False,22.6,failed,
3141128,/gists/3141128/snippet.py,0,False,5.3,failed,
3141140,/gists/3141140/snippet.py,0,False,15.0,failed,
3144636,/gists/3144636/snippet.py,0,True,11.2,solved,
3148833,/gists/3148833/snippet.py,0,True,5.4,solved,
3151375,/gists/3151375/snippet.py,0,False,12.3,failed,
3153844,/gists/3153844/snippet.py,0,False,6.9,failed,
3158388,/gists/3158388/snippet.py,0,True,13.2,solved,
3163938,/gists/3163938/snippet.py,0,False,10.7,failed,
3166d6123bd26c066c462328bebcf0c0,/gists/3166d6123bd26c066c462328bebcf0c0/snippet.py,0,False,5.9,failed,
3167162,/gists/3167162/snippet.py,0,False,7.9,failed,
3167821,/gists/3167821/snippet.py,0,True,9.9,solved,
3168336,/gists/3168336/snippet.py,0,False,7.0,failed,
317164,/gists/317164/snippet.py,0,True,5.8,solved,
3178905,/gists/3178905/snippet.py,0,True,37.3,solved,
3181989,/gists/3181989/snippet.py,0,False,3.1,failed,
3197a2bae38f77799ea8,/gists/3197a2bae38f77799ea8/snippet.py,0,True,128.5,solved,
31ccafbfceac2ed88974,/gists/31ccafbfceac2ed88974/snippet.py,0,True,102.4,solved,
31eee50b9aaebf387b380f70054575c5,/gists/31eee50b9aaebf387b380f70054575c5/snippet.py,0,True,58.9,solved,
3205bf5aab78623c5ee5,/gists/3205bf5aab78623c5ee5/snippet.py,0,True,13.1,solved,
320a949b092bf30913ef,/gists/320a949b092bf30913ef/snippet.py,0,False,7.2,failed,
3210264,/gists/3210264/snippet.py,0,True,4.9,solved,
3211f1660291f871739379082f204c83,/gists/3211f1660291f871739379082f204c83/snippet.py,0,False,44.1,failed,
3219308,/gists/3219308/snippet.py,0,True,4.9,solved,
3227267,/gists/3227267/snippet.py,0,True,79.9,solved,
3231186,/gists/3231186/snippet.py,0,True,5.5,solved,
324968,/gists/324968/snippet.py,0,False,17.9,failed,
32561f20db62886bcf6af5ce98087ab9,/gists/32561f20db62886bcf6af5ce98087ab9/snippet.py,0,True,6.1,solved,
326462,/gists/326462/snippet.py,0,True,4.9,solved,
3264921,/gists/3264921/snippet.py,0,False,7.9,failed,
3271073,/gists/3271073/snippet.py,0,True,10.0,solved,
3287286,/gists/3287286/snippet.py,0,False,3.0,failed,
329142c1740500bd3797,/gists/329142c1740500bd3797/snippet.py,0,False,13.3,failed,
3295631,/gists/3295631/snippet.py,0,False,59.4,failed,
3298867,/gists/3298867/snippet.py,0,False,11.8,failed,
3305365,/gists/3305365/snippet.py,0,True,4.9,solved,
3308963,/gists/3308963/snippet.py,0,False,7.0,failed,
3309494,/gists/3309494/snippet.py,0,False,17.1,failed,
3310561,/gists/3310561/snippet.py,0,True,6.7,solved,
33150bde6bd296310e41ea5d018fce51,/gists/33150bde6bd296310e41ea5d018fce51/snippet.py,0,True,11.0,solved,
3334a3cc57b31ae3a5c4,/gists/3334a3cc57b31ae3a5c4/snippet.py,0,False,9.1,failed,
3340802,/gists/3340802/snippet.py,0,True,4.9,solved,
3341591,/gists/3341591/snippet.py,0,False,75.8,failed,
3356622,/gists/3356622/snippet.py,0,True,10.1,solved,
3359203,/gists/3359203/snippet.py,0,False,4.1,failed,
3390999,/gists/3390999/snippet.py,0,False,7.7,failed,
33cc5534cb555a0b710b,/gists/33cc5534cb555a0b710b/snippet.py,0,True,11.2,solved,
33e2172bafbb5dd794ab,/gists/33e2172bafbb5dd794ab/snippet.py,0,True,7.0,solved,
3409403,/gists/3409403/snippet.py,0,False,16.4,failed,
3411495,/gists/3411495/snippet.py,0,True,36.7,solved,
3425960,/gists/3425960/snippet.py,0,False,25.9,failed,
3427750,/gists/3427750/snippet.py,0,False,6.6,failed,
342989,/gists/342989/snippet.py,0,True,19.7,solved,
3446681,/gists/3446681/snippet.py,0,True,8.1,solved,
3451509,/gists/3451509/snippet.py,0,True,15.5,solved,
3453185b41d8d985356cbe5e57d67342,/gists/3453185b41d8d985356cbe5e57d67342/snippet.py,0,True,109.2,solved,
3454877,/gists/3454877/snippet.py,0,True,49.2,solved,
3473799,/gists/3473799/snippet.py,0,False,17.0,failed,
347596,/gists/347596/snippet.py,0,True,5.0,solved,
3485205,/gists/3485205/snippet.py,0,True,7.4,solved,
3488502,/gists/3488502/snippet.py,0,False,66.8,failed,
3493579,/gists/3493579/snippet.py,0,False,8.9,failed,
3494203,/gists/3494203/snippet.py,0,False,7.3,failed,
349423,/gists/349423/snippet.py,0,False,8.7,failed,
3494560,/gists/3494560/snippet.py,0,False,6.4,failed,
350281,/gists/350281/snippet.py,0,True,4.9,solved,
35164461db4da79f7d56,/gists/35164461db4da79f7d56/snippet.py,0,True,50.9,solved,
353499f2e6e407883b32,/gists/353499f2e6e407883b32/snippet.py,0,True,11.3,solved,
3542836,/gists/3542836/snippet.py,0,False,8.3,failed,
354b90d59faf8b0d758f74eae3a511e2,/gists/354b90d59faf8b0d758f74eae3a511e2/snippet.py,0,False,286.6,failed,
35536ca8f1769dc6c74f,/gists/35536ca8f1769dc6c74f/snippet.py,0,True,5.2,solved,
356294,/gists/356294/snippet.py,0,False,29.6,failed,
3563671,/gists/3563671/snippet.py,0,True,5.0,solved,
35723b58d238a67234d8,/gists/35723b58d238a67234d8/snippet.py,0,False,12.0,failed,
3582544,/gists/3582544/snippet.py,0,False,40.1,failed,
3599025,/gists/3599025/snippet.py,0,True,4.9,solved,
35fb758c18036d7f8640,/gists/35fb758c18036d7f8640/snippet.py,0,False,33.7,failed,
3624478,/gists/3624478/snippet.py,0,False,3.4,failed,
3649773,/gists/3649773/snippet.py,0,True,4.9,solved,
3668591,/gists/3668591/snippet.py,0,True,5.7,solved,
3669688,/gists/3669688/snippet.py,0,False,31.6,failed,
3676137,/gists/3676137/snippet.py,0,True,5.0,solved,
367ff95d4d3d3770fa7b,/gists/367ff95d4d3d3770fa7b/snippet.py,0,True,8.2,solved,
3682135,/gists/3682135/snippet.py,0,False,235.6,failed,
3685134,/gists/3685134/snippet.py,0,True,6.0,solved,
3688944,/gists/3688944/snippet.py,0,True,4.9,solved,
3691418,/gists/3691418/snippet.py,0,True,4.9,solved,
3692387,/gists/3692387/snippet.py,0,True,9.4,solved,
3693550,/gists/3693550/snippet.py,0,True,10.8,solved,
3695458,/gists/3695458/snippet.py,0,True,27.6,solved,
3696512,/gists/3696512/snippet.py,0,True,7.7,solved,
3699110,/gists/3699110/snippet.py,0,False,36.2,failed,
3699696,/gists/3699696/snippet.py,0,False,12.6,failed,
36c1db6ba57fc1fe72ae,/gists/36c1db6ba57fc1fe72ae/snippet.py,0,True,15.5,solved,
36c31a9b653779b2b7d1,/gists/36c31a9b653779b2b7d1/snippet.py,0,True,9.3,solved,
36e652488563ab23ea04,/gists/36e652488563ab23ea04/snippet.py,0,True,4.9,solved,
3706203,/gists/3706203/snippet.py,0,False,42.2,failed,
3714115,/gists/3714115/snippet.py,0,True,4.9,solved,
371698,/gists/371698/snippet.py,0,True,25.6,solved,
3719535,/gists/3719535/snippet.py,0,False,16.1,failed,
3719849,/gists/3719849/snippet.py,0,True,15.2,solved,
3721106,/gists/3721106/snippet.py,0,False,16.1,failed,
3725741,/gists/3725741/snippet.py,0,True,12.9,solved,
3728656,/gists/3728656/snippet.py,0,False,5.5,failed,
3735779,/gists/3735779/snippet.py,0,False,40.9,failed,
373f0857211e860c7591,/gists/373f0857211e860c7591/snippet.py,0,True,14.5,solved,
37463b35ef8606629d2e,/gists/37463b35ef8606629d2e/snippet.py,0,True,13.6,solved,
3750225,/gists/3750225/snippet.py,0,True,6.3,solved,
3750774,/gists/3750774/snippet.py,0,True,23.3,solved,
3750993,/gists/3750993/snippet.py,0,False,37.4,failed,
375397bc942d134a3c82d0dd514f3fea,/gists/375397bc942d134a3c82d0dd514f3fea/snippet.py,0,False,36.5,failed,
3760008,/gists/3760008/snippet.py,0,True,19.3,solved,
3760670,/gists/3760670/snippet.py,0,False,10.6,failed,
3772157,/gists/3772157/snippet.py,0,True,8.7,solved,
3778347,/gists/3778347/snippet.py,0,True,25.4,solved,
3778686,/gists/3778686/snippet.py,0,False,14.7,failed,
3783153,/gists/3783153/snippet.py,0,False,30.8,failed,
3791168,/gists/3791168/snippet.py,0,True,31.2,solved,
37931,/gists/37931/snippet.py,0,False,3.3,failed,
3799831,/gists/3799831/snippet.py,0,True,13.8,solved,
379cc31c29cfb5bdc9a0,/gists/379cc31c29cfb5bdc9a0/snippet.py,0,True,109.6,solved,
37d73786afab7da6037f,/gists/37d73786afab7da6037f/snippet.py,0,True,14.2,solved,
3800756,/gists/3800756/snippet.py,0,False,10.5,failed,
3802732,/gists/3802732/snippet.py,0,False,19.9,failed,
3803003,/gists/3803003/snippet.py,0,True,14.2,solved,
3803893,/gists/3803893/snippet.py,0,False,17.2,failed,
3805436,/gists/3805436/snippet.py,0,True,79.0,solved,
3806329,/gists/3806329/snippet.py,0,False,32.9,failed,
380c24afec20963617c82c43590b78f2,/gists/380c24afec20963617c82c43590b78f2/snippet.py,0,False,290.0,failed,
3816122,/gists/3816122/snippet.py,0,False,34.7,failed,
3822f77eb07e8e8efb2e,/gists/3822f77eb07e8e8efb2e/snippet.py,0,False,8.3,failed,
3823483,/gists/3823483/snippet.py,0,False,47.8,failed,
3829194,/gists/3829194/snippet.py,0,True,6.0,solved,
3829302,/gists/3829302/snippet.py,0,True,4.9,solved,
3832818,/gists/3832818/snippet.py,0,True,9.4,solved,
3833430,/gists/3833430/snippet.py,0,True,4.9,solved,
3834957,/gists/3834957/snippet.py,0,False,16.6,failed,
3834979,/gists/3834979/snippet.py,0,True,4.9,solved,
3838828,/gists/3838828/snippet.py,0,True,6.7,solved,
3839812,/gists/3839812/snippet.py,0,False,8.9,failed,
3844261,/gists/3844261/snippet.py,0,False,25.3,failed,
3860197,/gists/3860197/snippet.py,0,False,10.4,failed,
386098fb7348606b295a,/gists/386098fb7348606b295a/snippet.py,0,True,5.5,solved,
3878ce0f3e232e3daf5c,/gists/3878ce0f3e232e3daf5c/snippet.py,0,False,8.4,failed,
3886519,/gists/3886519/snippet.py,0,False,6.4,failed,
3891365,/gists/3891365/snippet.py,0,False,56.8,failed,
3893296,/gists/3893296/snippet.py,0,False,33.9,failed,
3893624,/gists/3893624/snippet.py,0,False,71.0,failed,
3898894,/gists/3898894/snippet.py,0,False,7.1,failed,
38f7f1f3b07c77a9c537,/gists/38f7f1f3b07c77a9c537/snippet.py,0,False,39.8,failed,
3912465,/gists/3912465/snippet.py,0,False,4.1,failed,
3917103,/gists/3917103/snippet.py,0,False,21.2,failed,
3918044,/gists/3918044/snippet.py,0,False,31.0,failed,
3918279,/gists/3918279/snippet.py,0,False,49.1,failed,
3918300,/gists/3918300/snippet.py,0,True,4.9,solved,
391fb178d7c06e8dc7e4051d9b5395af,/gists/391fb178d7c06e8dc7e4051d9b5395af/snippet.py,0,False,3.9,failed,
3931936,/gists/3931936/snippet.py,0,False,39.9,failed,
3938253,/gists/3938253/snippet.py,0,True,9.3,solved,
3940455,/gists/3940455/snippet.py,0,True,4.9,solved,
3943d55ca7eedf716ed6,/gists/3943d55ca7eedf716ed6/snippet.py,0,True,21.7,solved,
3946121,/gists/3946121/snippet.py,0,True,10.3,solved,
3947385,/gists/3947385/snippet.py,0,True,8.9,solved,
3947bdc0f7b0dbcd51fa1ee53974fe66,/gists/3947bdc0f7b0dbcd51fa1ee53974fe66/snippet.py,0,False,3.7,failed,
3948701,/gists/3948701/snippet.py,0,False,8.8,failed,
3963225,/gists/3963225/snippet.py,0,False,9.9,failed,
39656378b59fe2eeb0f4,/gists/39656378b59fe2eeb0f4/snippet.py,0,False,8.1,failed,
396e85fe4facca626782,/gists/396e85fe4facca626782/snippet.py,0,True,5.6,solved,
3971007,/gists/3971007/snippet.py,0,False,26.0,failed,
3972601,/gists/3972601/snippet.py,0,True,9.5,solved,
3978039,/gists/3978039/snippet.py,0,False,14.1,failed,
3978536,/gists/3978536/snippet.py,0,True,16.4,solved,
3978565,/gists/3978565/snippet.py,0,False,6.9,failed,
398429347c96e98aba88,/gists/398429347c96e98aba88/snippet.py,0,True,22.1,solved,
3984959,/gists/3984959/snippet.py,0,False,24.1,failed,
3989161,/gists/3989161/snippet.py,0,False,24.0,failed,
3990769,/gists/3990769/snippet.py,0,True,48.7,solved,
3993992,/gists/3993992/snippet.py,0,True,8.3,solved,
39c2f27b581720482bc0,/gists/39c2f27b581720482bc0/snippet.py,0,True,5.7,solved,
39c53f824daef7d363db,/gists/39c53f824daef7d363db/snippet.py,0,True,29.9,solved,
3a094e0218bc91f0e2d4,/gists/3a094e0218bc91f0e2d4/snippet.py,0,False,8.7,failed,
3a2a081e4f3089920fd8aecefecbe280,/gists/3a2a081e4f3089920fd8aecefecbe280/snippet.py,0,True,13.0,solved,
3a6e4d618afc344aab81,/gists/3a6e4d618afc344aab81/snippet.py,0,True,14.0,solved,
3a96a407e16dae155744,/gists/3a96a407e16dae155744/snippet.py,0,False,5.0,failed,
3aa1d94bb83e5124eae6,/gists/3aa1d94bb83e5124eae6/snippet.py,0,False,3.0,failed,
3abc9577bede0aeef25526b201732246,/gists/3abc9577bede0aeef25526b201732246/snippet.py,0,False,6.9,failed,
3af51fd2d11ddcad7f16,/gists/3af51fd2d11ddcad7f16/snippet.py,0,False,58.2,failed,
3b1159baecb809b5fcb3a6154bc3cb0b,/gists/3b1159baecb809b5fcb3a6154bc3cb0b/snippet.py,0,True,32.2,solved,
3b258f5287fcc181aacf,/gists/3b258f5287fcc181aacf/snippet.py,0,False,14.1,failed,
3b71a120ae7789956ef8,/gists/3b71a120ae7789956ef8/snippet.py,0,True,8.3,solved,
3b9d893f1e0788f8fad0e6b49cde70f1,/gists/3b9d893f1e0788f8fad0e6b49cde70f1/snippet.py,0,False,412.0,failed,
3c2e5bf1e77986dfd51f,/gists/3c2e5bf1e77986dfd51f/snippet.py,0,True,62.9,solved,
3c76bc174844948c5f98,/gists/3c76bc174844948c5f98/snippet.py,0,True,6.9,solved,
3c98ac23d4e1c97da065ad7c4562c16c,/gists/3c98ac23d4e1c97da065ad7c4562c16c/snippet.py,0,True,4.9,solved,
3cefcc92891c4f1571f8,/gists/3cefcc92891c4f1571f8/snippet.py,0,False,7.9,failed,
3d2454905d8f01886d651f207e2419f0,/gists/3d2454905d8f01886d651f207e2419f0/snippet.py,0,True,54.2,solved,
3d5aa90144a4696be61b3991aa339cc5,/gists/3d5aa90144a4696be61b3991aa339cc5/snippet.py,0,False,5.9,failed,
3d7e2b077ba5af48ab1ba96678733e6f,/gists/3d7e2b077ba5af48ab1ba96678733e6f/snippet.py,0,False,23.1,failed,
3d99498d4236248f9bfbc8ed2fd424fa,/gists/3d99498d4236248f9bfbc8ed2fd424fa/snippet.py,0,False,130.0,failed,
3d9ba175038a3f2e7de3794fa303f1ee,/gists/3d9ba175038a3f2e7de3794fa303f1ee/snippet.py,0,False,15.1,failed,
3de0abd7d18e6edc87dd,/gists/3de0abd7d18e6edc87dd/snippet.py,0,True,171.7,solved,
3e1cfdb76005c901b7d3f8b1e6ba1557,/gists/3e1cfdb76005c901b7d3f8b1e6ba1557/snippet.py,0,False,6.7,failed,
3e5107b11d19ac62a2ed,/gists/3e5107b11d19ac62a2ed/snippet.py,0,True,4.9,solved,
3e8b195ff63929db69ccc4e5287d8ae5,/gists/3e8b195ff63929db69ccc4e5287d8ae5/snippet.py,0,False,69.9,failed,
3f3b547ff68effb03e20c470af22c696,/gists/3f3b547ff68effb03e20c470af22c696/snippet.py,0,True,156.6,solved,
3f9c80ff42879cad41bf,/gists/3f9c80ff42879cad41bf/snippet.py,0,True,10.6,solved,
3fb234c37b5c2c934b79,/gists/3fb234c37b5c2c934b79/snippet.py,0,True,6.4,solved,
3fb443494f111eeb96e39cce1873070d,/gists/3fb443494f111eeb96e39cce1873070d/snippet.py,0,False,9.7,failed,
3fdd80a08808bd275142d46863e92d68,/gists/3fdd80a08808bd275142d46863e92d68/snippet.py,0,True,87.3,solved,
3fe84c05013fa87d74a8,/gists/3fe84c05013fa87d74a8/snippet.py,0,True,5.5,solved,
3ff4278c609ce223ebb4fc300c5edd0f,/gists/3ff4278c609ce223ebb4fc300c5edd0f/snippet.py,0,False,3.0,failed,
4004895,/gists/4004895/snippet.py,0,False,36.4,failed,
4008567,/gists/4008567/snippet.py,0,True,15.4,solved,
4016539,/gists/4016539/snippet.py,0,True,11.3,solved,
4017989,/gists/4017989/snippet.py,0,True,16.7,solved,
4020619,/gists/4020619/snippet.py,0,False,4.2,failed,
4022537,/gists/4022537/snippet.py,0,True,33.5,solved,
4023068,/gists/4023068/snippet.py,0,False,31.4,failed,
403306854d457c284d02,/gists/403306854d457c284d02/snippet.py,0,False,19.8,failed,
4034426,/gists/4034426/snippet.py,0,False,19.4,failed,
4034427,/gists/4034427/snippet.py,0,False,15.9,failed,
4034439,/gists/4034439/snippet.py,0,False,4.6,failed,
4034526,/gists/4034526/snippet.py,0,False,134.7,failed,
4036200,/gists/4036200/snippet.py,0,False,12.9,failed,
4043086,/gists/4043086/snippet.py,0,True,10.1,solved,
4043334,/gists/4043334/snippet.py,0,True,6.4,solved,
4047394,/gists/4047394/snippet.py,0,False,10.4,failed,
4050951,/gists/4050951/snippet.py,0,False,20.5,failed,
4051357,/gists/4051357/snippet.py,0,False,43.7,failed,
4058325,/gists/4058325/snippet.py,0,False,37.7,failed,
4059061,/gists/4059061/snippet.py,0,True,4.9,solved,
4070026,/gists/4070026/snippet.py,0,False,4.7,failed,
4073599,/gists/4073599/snippet.py,0,False,24.3,failed,
4074260,/gists/4074260/snippet.py,0,True,56.0,solved,
4076735,/gists/4076735/snippet.py,0,False,16.3,failed,
4078034,/gists/4078034/snippet.py,0,False,6.9,failed,
4078780,/gists/4078780/snippet.py,0,False,9.5,failed,
407d78fbe0f234ea34c6,/gists/407d78fbe0f234ea34c6/snippet.py,0,True,18.9,solved,
4083574,/gists/4083574/snippet.py,0,False,7.1,failed,
4088322,/gists/4088322/snippet.py,0,False,7.1,failed,
4089133,/gists/4089133/snippet.py,0,False,27.1,failed,
4091897,/gists/4091897/snippet.py,0,False,11.5,failed,
4093759,/gists/4093759/snippet.py,0,False,11.1,failed,
4093998b625d76ef4afe,/gists/4093998b625d76ef4afe/snippet.py,0,True,78.0,solved,
4104455,/gists/4104455/snippet.py,0,False,8.0,failed,
4108a54877406dc231d95514e538bde9,/gists/4108a54877406dc231d95514e538bde9/snippet.py,0,True,19.2,solved,
4110897,/gists/4110897/snippet.py,0,False,12.1,failed,
411123,/gists/411123/snippet.py,0,True,5.0,solved,
4115763,/gists/4115763/snippet.py,0,True,6.0,solved,
4116156,/gists/4116156/snippet.py,0,True,8.1,solved,
4118456,/gists/4118456/snippet.py,0,True,14.8,solved,
4119191,/gists/4119191/snippet.py,0,True,5.4,solved,
4121343,/gists/4121343/snippet.py,0,True,12.1,solved,
4125009,/gists/4125009/snippet.py,0,False,2.9,failed,
4128591,/gists/4128591/snippet.py,0,True,4.9,solved,
4130c73434db79119f27,/gists/4130c73434db79119f27/snippet.py,0,True,4.9,solved,
4131398,/gists/4131398/snippet.py,0,True,7.1,solved,
4132799,/gists/4132799/snippet.py,0,False,16.9,failed,
4133c66ccf65c0ba1f5f5a5bc4fb7298,/gists/4133c66ccf65c0ba1f5f5a5bc4fb7298/snippet.py,0,True,98.4,solved,
4134185,/gists/4134185/snippet.py,0,True,25.6,solved,
4142563,/gists/4142563/snippet.py,0,True,20.3,solved,
4145581,/gists/4145581/snippet.py,0,True,8.9,solved,
4149031,/gists/4149031/snippet.py,0,False,18.2,failed,
4156421,/gists/4156421/snippet.py,0,True,5.7,solved,
4156864,/gists/4156864/snippet.py,0,True,23.3,solved,
4166551,/gists/4166551/snippet.py,0,True,7.6,solved,
4171521,/gists/4171521/snippet.py,0,False,15.7,failed,
4173534,/gists/4173534/snippet.py,0,True,8.6,solved,
4173945,/gists/4173945/snippet.py,0,False,10.7,failed,
4174069,/gists/4174069/snippet.py,0,False,16.7,failed,
4176564,/gists/4176564/snippet.py,0,True,4.9,solved,
4176623,/gists/4176623/snippet.py,0,True,4.9,solved,
4178945,/gists/4178945/snippet.py,0,False,25.1,failed,
4180945,/gists/4180945/snippet.py,0,True,4.9,solved,
4189391,/gists/4189391/snippet.py,0,False,7.2,failed,
4190318,/gists/4190318/snippet.py,0,True,4.9,solved,
4199895,/gists/4199895/snippet.py,0,True,11.0,solved,
41d15424e7989b936c1609b53edd1390,/gists/41d15424e7989b936c1609b53edd1390/snippet.py,0,False,291.1,failed,
41f782ce86346d46800d,/gists/41f782ce86346d46800d/snippet.py,0,True,10.6,solved,
4201551d7f8608f0b82b,/gists/4201551d7f8608f0b82b/snippet.py,0,False,103.9,failed,
4217925,/gists/4217925/snippet.py,0,False,13.8,failed,
4219140,/gists/4219140/snippet.py,0,False,10.3,failed,
421c427db75c8c5fa1d1,/gists/421c427db75c8c5fa1d1/snippet.py,0,True,78.4,solved,
4221932,/gists/4221932/snippet.py,0,False,10.8,failed,
4222418,/gists/4222418/snippet.py,0,False,25.1,failed,
4225456,/gists/4225456/snippet.py,0,True,15.3,solved,
422bb33419df91b253d8728fe794f8b4,/gists/422bb33419df91b253d8728fe794f8b4/snippet.py,0,False,134.6,failed,
4230222,/gists/4230222/snippet.py,0,True,10.9,solved,
4230847,/gists/4230847/snippet.py,0,True,34.7,solved,
4232775,/gists/4232775/snippet.py,0,True,7.9,solved,
4243336,/gists/4243336/snippet.py,0,False,8.0,failed,
4243633,/gists/4243633/snippet.py,0,True,5.9,solved,
4245408,/gists/4245408/snippet.py,0,True,4.9,solved,
42472327b4be382b02eb,/gists/42472327b4be382b02eb/snippet.py,0,True,6.0,solved,
425ca642955f73452ebc097b3b46c493,/gists/425ca642955f73452ebc097b3b46c493/snippet.py,0,True,83.9,solved,
4260425,/gists/4260425/snippet.py,0,True,9.3,solved,
4260442,/gists/4260442/snippet.py,0,True,11.4,solved,
4266068bb3a5e36c2bff,/gists/4266068bb3a5e36c2bff/snippet.py,0,False,9.8,failed,
426829,/gists/426829/snippet.py,0,True,5.5,solved,
426eb575fc70e5ee87ef,/gists/426eb575fc70e5ee87ef/snippet.py,0,False,46.6,failed,
4276757,/gists/4276757/snippet.py,0,True,6.0,solved,
4282679,/gists/4282679/snippet.py,0,True,19.2,solved,
4289538,/gists/4289538/snippet.py,0,False,11.5,failed,
428e5b737306937628f2944fbfdc4ffc,/gists/428e5b737306937628f2944fbfdc4ffc/snippet.py,0,False,7.5,failed,
4319265,/gists/4319265/snippet.py,0,True,77.1,solved,
4334461,/gists/4334461/snippet.py,0,True,6.0,solved,
4340606,/gists/4340606/snippet.py,0,True,11.7,solved,
4345418,/gists/4345418/snippet.py,0,False,5.0,failed,
4345582,/gists/4345582/snippet.py,0,False,4.6,failed,
4349257,/gists/4349257/snippet.py,0,False,30.9,failed,
4349575,/gists/4349575/snippet.py,0,False,6.2,failed,
434e185ce543ca1c8a99,/gists/434e185ce543ca1c8a99/snippet.py,0,False,7.7,failed,
4350345,/gists/4350345/snippet.py,0,False,23.8,failed,
4358668,/gists/4358668/snippet.py,0,True,11.5,solved,
4361991,/gists/4361991/snippet.py,0,False,17.4,failed,
4365237,/gists/4365237/snippet.py,0,True,19.1,solved,
4365631,/gists/4365631/snippet.py,0,False,15.8,failed,
4365814,/gists/4365814/snippet.py,0,False,11.1,failed,
436e19a22f570f1cce2f,/gists/436e19a22f570f1cce2f/snippet.py,0,False,4.5,failed,
43e20eda5eb5834b61bc06a4c1855b29,/gists/43e20eda5eb5834b61bc06a4c1855b29/snippet.py,0,False,495.1,failed,
4407510,/gists/4407510/snippet.py,0,True,23.3,solved,
4413028,/gists/4413028/snippet.py,0,False,25.7,failed,
4413863,/gists/4413863/snippet.py,0,False,6.7,failed,
4420532,/gists/4420532/snippet.py,0,False,13.2,failed,
4423605,/gists/4423605/snippet.py,0,False,51.6,failed,
4426342d455de2421d89,/gists/4426342d455de2421d89/snippet.py,0,True,5.6,solved,
4427984,/gists/4427984/snippet.py,0,True,6.4,solved,
4431155,/gists/4431155/snippet.py,0,False,11.7,failed,
443622de54589e31c1d98c6ea8eff84b,/gists/443622de54589e31c1d98c6ea8eff84b/snippet.py,0,False,13.9,failed,
4451253,/gists/4451253/snippet.py,0,True,9.3,solved,
445785,/gists/445785/snippet.py,0,True,7.8,solved,
4461572,/gists/4461572/snippet.py,0,True,6.0,solved,
4461862,/gists/4461862/snippet.py,0,True,5.6,solved,
4463278,/gists/4463278/snippet.py,0,False,27.1,failed,
4463756,/gists/4463756/snippet.py,0,True,7.9,solved,
446bcbe699d4fb54972f,/gists/446bcbe699d4fb54972f/snippet.py,0,False,10.7,failed,
4470212,/gists/4470212/snippet.py,0,True,19.8,solved,
4471462,/gists/4471462/snippet.py,0,False,27.5,failed,
4474608,/gists/4474608/snippet.py,0,False,14.3,failed,
44822f94af25f11a2fda5beba2593229,/gists/44822f94af25f11a2fda5beba2593229/snippet.py,0,True,7.5,solved,
4490410,/gists/4490410/snippet.py,0,True,6.2,solved,
4494118,/gists/4494118/snippet.py,0,False,27.3,failed,
4495f2c97ae6605c32c8b8c61bd34a74,/gists/4495f2c97ae6605c32c8b8c61bd34a74/snippet.py,0,False,21.0,failed,
4497119,/gists/4497119/snippet.py,0,True,7.4,solved,
4497f8a4f675170180ab,/gists/4497f8a4f675170180ab/snippet.py,0,False,31.8,failed,
44a392a01fa3e0181972,/gists/44a392a01fa3e0181972/snippet.py,0,False,86.8,failed,
4504341,/gists/4504341/snippet.py,0,False,9.4,failed,
450d7da20daaba6d39d0,/gists/450d7da20daaba6d39d0/snippet.py,0,True,68.5,solved,
451a6685fddcf8ccdfc5,/gists/451a6685fddcf8ccdfc5/snippet.py,0,False,12.2,failed,
4522091,/gists/4522091/snippet.py,0,True,8.9,solved,
4524299,/gists/4524299/snippet.py,0,False,4.7,failed,
4524784,/gists/4524784/snippet.py,0,True,6.2,solved,
4534a3e2a1584afc314e7e040c79d60c,/gists/4534a3e2a1584afc314e7e040c79d60c/snippet.py,0,False,3.1,failed,
4543974,/gists/4543974/snippet.py,0,True,34.6,solved,
4546068,/gists/4546068/snippet.py,0,False,14.2,failed,
4547295,/gists/4547295/snippet.py,0,False,9.4,failed,
454964087739a449da04,/gists/454964087739a449da04/snippet.py,0,False,12.6,failed,
4555097,/gists/4555097/snippet.py,0,False,38.8,failed,
4555911,/gists/4555911/snippet.py,0,False,35.0,failed,
455694506ee6595c92e4,/gists/455694506ee6595c92e4/snippet.py,0,False,72.0,failed,
4558903,/gists/4558903/snippet.py,0,False,11.4,failed,
4565147,/gists/4565147/snippet.py,0,True,92.1,solved,
4571292,/gists/4571292/snippet.py,0,False,51.3,failed,
4574656,/gists/4574656/snippet.py,0,True,38.0,solved,
4575855,/gists/4575855/snippet.py,0,True,5.4,solved,
4582282,/gists/4582282/snippet.py,0,False,100.7,failed,
4586359,/gists/4586359/snippet.py,0,False,22.0,failed,
4587049,/gists/4587049/snippet.py,0,True,78.1,solved,
4594879,/gists/4594879/snippet.py,0,True,6.1,solved,
4598017,/gists/4598017/snippet.py,0,False,3.1,failed,
4599814,/gists/4599814/snippet.py,0,True,4.9,solved,
45c1c820a8fa67d8e17e3079d6aa2a65,/gists/45c1c820a8fa67d8e17e3079d6aa2a65/snippet.py,0,True,81.1,solved,
45c3d886c182a1ea26d5,/gists/45c3d886c182a1ea26d5/snippet.py,0,True,379.2,solved,
45cb32dd5c1485e273ab81468e531f09,/gists/45cb32dd5c1485e273ab81468e531f09/snippet.py,0,True,9.3,solved,
45ce9f33615a3b24c51f,/gists/45ce9f33615a3b24c51f/snippet.py,0,True,12.6,solved,
4603234,/gists/4603234/snippet.py,0,False,38.2,failed,
4604508,/gists/4604508/snippet.py,0,False,30.5,failed,
4619865,/gists/4619865/snippet.py,0,False,27.8,failed,
4624820,/gists/4624820/snippet.py,0,False,50.1,failed,
4630017,/gists/4630017/snippet.py,0,False,15.1,failed,
4632416,/gists/4632416/snippet.py,0,False,6.8,failed,
4636851,/gists/4636851/snippet.py,0,False,9.2,failed,
4640256,/gists/4640256/snippet.py,0,False,3.0,failed,
4654376,/gists/4654376/snippet.py,0,False,5.0,failed,
4654813,/gists/4654813/snippet.py,0,False,13.1,failed,
4656144,/gists/4656144/snippet.py,0,False,7.2,failed,
465de1f5f66334c91a4c,/gists/465de1f5f66334c91a4c/snippet.py,0,False,72.2,failed,
4667205,/gists/4667205/snippet.py,0,True,4.9,solved,
4668212,/gists/4668212/snippet.py,0,False,33.7,failed,
4684561,/gists/4684561/snippet.py,0,True,5.5,solved,
4684752,/gists/4684752/snippet.py,0,True,4.9,solved,
46c9d4ed1ea43c3d916b,/gists/46c9d4ed1ea43c3d916b/snippet.py,0,False,9.8,failed,
4700064,/gists/4700064/snippet.py,0,False,20.3,failed,
4707012,/gists/4707012/snippet.py,0,True,48.8,solved,
4707775,/gists/4707775/snippet.py,0,True,4.9,solved,
470c2ffcf1cde9b2a740f48015915e30,/gists/470c2ffcf1cde9b2a740f48015915e30/snippet.py,0,False,36.9,failed,
4711568,/gists/4711568/snippet.py,0,True,6.8,solved,
4712723,/gists/4712723/snippet.py,0,True,5.5,solved,
4713392,/gists/4713392/snippet.py,0,False,18.8,failed,
4716919,/gists/4716919/snippet.py,0,True,13.1,solved,
4718429,/gists/4718429/snippet.py,0,False,17.3,failed,
472309,/gists/472309/snippet.py,0,True,11.1,solved,
4724761,/gists/4724761/snippet.py,0,False,18.4,failed,
4727690,/gists/4727690/snippet.py,0,False,7.7,failed,
4727865,/gists/4727865/snippet.py,0,True,11.1,solved,
472922,/gists/472922/snippet.py,0,True,5.0,solved,
4730736,/gists/4730736/snippet.py,0,True,14.7,solved,
4732233,/gists/4732233/snippet.py,0,True,4.9,solved,
4732790,/gists/4732790/snippet.py,0,False,7.5,failed,
4741790,/gists/4741790/snippet.py,0,False,5.9,failed,
4742296,/gists/4742296/snippet.py,0,False,9.6,failed,
4745061,/gists/4745061/snippet.py,0,True,4.9,solved,
4760272,/gists/4760272/snippet.py,0,True,21.8,solved,
47610e6462faba8781242cdb6218d83e,/gists/47610e6462faba8781242cdb6218d83e/snippet.py,0,True,10.2,solved,
4761479,/gists/4761479/snippet.py,0,True,10.8,solved,
4776b4b2075bf9b7e512,/gists/4776b4b2075bf9b7e512/snippet.py,0,False,6.9,failed,
477969,/gists/477969/snippet.py,0,True,7.9,solved,
477a9dcd198439ef2def,/gists/477a9dcd198439ef2def/snippet.py,0,False,21.6,failed,
478f9ba38afb1bf5f5613bfe46eb82ce,/gists/478f9ba38afb1bf5f5613bfe46eb82ce/snippet.py,0,True,5.1,solved,
4792fc97f8a4094ac90d,/gists/4792fc97f8a4094ac90d/snippet.py,0,False,35.6,failed,
47e1d07b136c316bfb33c880ca910e8c,/gists/47e1d07b136c316bfb33c880ca910e8c/snippet.py,0,True,11.7,solved,
48136d7a17387e7cf6c3,/gists/48136d7a17387e7cf6c3/snippet.py,0,False,8.7,failed,
484009,/gists/484009/snippet.py,0,True,31.4,solved,
485977,/gists/485977/snippet.py,0,True,12.0,solved,
486793ad61db4c1dec9d,/gists/486793ad61db4c1dec9d/snippet.py,0,False,4.9,failed,
4882342eba2b57376ed1,/gists/4882342eba2b57376ed1/snippet.py,0,True,125.8,solved,
4893d1a05df86afbc2cf,/gists/4893d1a05df86afbc2cf/snippet.py,0,False,8.1,failed,
48b54ea4cbc7eb014308,/gists/48b54ea4cbc7eb014308/snippet.py,0,True,5.4,solved,
48c5c0124ba4e162b2e3,/gists/48c5c0124ba4e162b2e3/snippet.py,0,True,16.2,solved,
48d35095a414580c055b,/gists/48d35095a414580c055b/snippet.py,0,True,35.0,solved,
48d92d4153754aea4504,/gists/48d92d4153754aea4504/snippet.py,0,True,5.6,solved,
492713,/gists/492713/snippet.py,0,True,13.9,solved,
492858,/gists/492858/snippet.py,0,False,55.5,failed,
493065,/gists/493065/snippet.py,0,True,13.1,solved,
4948282,/gists/4948282/snippet.py,0,True,5.9,solved,
4950253,/gists/4950253/snippet.py,0,False,7.9,failed,
4952342,/gists/4952342/snippet.py,0,True,4.9,solved,
4959534,/gists/4959534/snippet.py,0,False,12.3,failed,
4961824,/gists/4961824/snippet.py,0,True,5.0,solved,
4964727,/gists/4964727/snippet.py,0,False,9.3,failed,
4972374,/gists/4972374/snippet.py,0,True,7.1,solved,
4973958,/gists/4973958/snippet.py,0,True,4.9,solved,
4981937,/gists/4981937/snippet.py,0,False,7.4,failed,
4988673,/gists/4988673/snippet.py,0,False,5.9,failed,
4992092,/gists/4992092/snippet.py,0,False,11.7,failed,
4995154,/gists/4995154/snippet.py,0,True,6.1,solved,
4995164,/gists/4995164/snippet.py,0,True,8.2,solved,
4996449,/gists/4996449/snippet.py,0,True,5.7,solved,
49aca627205aebaa2be1811511dbc422,/gists/49aca627205aebaa2be1811511dbc422/snippet.py,0,False,15.1,failed,
4a07818b8a21dd5c49013b9ed496cb70,/gists/4a07818b8a21dd5c49013b9ed496cb70/snippet.py,0,False,20.6,failed,
4a3f8b0fee43d45646cf118bda4d202a,/gists/4a3f8b0fee43d45646cf118bda4d202a/snippet.py,0,True,29.7,solved,
4a4e7e700c34c04160b93aa03a14861c,/gists/4a4e7e700c34c04160b93aa03a14861c/snippet.py,0,False,141.8,failed,
4a76e42f058ef7b467d9,/gists/4a76e42f058ef7b467d9/snippet.py,0,False,11.0,failed,
4a89bf7c52500a1d7e7b,/gists/4a89bf7c52500a1d7e7b/snippet.py,0,True,70.7,solved,
4abfb80b336a8a56c0a5,/gists/4abfb80b336a8a56c0a5/snippet.py,0,True,43.3,solved,
4aed548e606f11971f5a,/gists/4aed548e606f11971f5a/snippet.py,0,False,23.9,failed,
4b2897a857a5ec91d9ea965d87b795c8,/gists/4b2897a857a5ec91d9ea965d87b795c8/snippet.py,0,False,27.8,failed,
4b3c1a78b0104e52b2a1,/gists/4b3c1a78b0104e52b2a1/snippet.py,0,True,6.0,solved,
4b5afb297b4b7c835e6f,/gists/4b5afb297b4b7c835e6f/snippet.py,0,True,4.9,solved,
4b79e30fad4ae8a50e2630fcfc4c8cfd,/gists/4b79e30fad4ae8a50e2630fcfc4c8cfd/snippet.py,0,True,5.5,solved,
4b984557676d2d6c92a6,/gists/4b984557676d2d6c92a6/snippet.py,0,True,8.5,solved,
4ba8ae5459ca4a287d42af549a611792,/gists/4ba8ae5459ca4a287d42af549a611792/snippet.py,0,True,9.3,solved,
4bbe165b19a2b0d457c6,/gists/4bbe165b19a2b0d457c6/snippet.py,0,False,17.1,failed,
4c10830640d325e0cab978bc18c6263a,/gists/4c10830640d325e0cab978bc18c6263a/snippet.py,0,True,78.6,solved,
4c223b8e2d72b0e35bde,/gists/4c223b8e2d72b0e35bde/snippet.py,0,True,36.5,solved,
4c2d4105ea2c7e407fb5,/gists/4c2d4105ea2c7e407fb5/snippet.py,0,False,239.2,failed,
4c4323f90f74f079b50d9a689fa8a448,/gists/4c4323f90f74f079b50d9a689fa8a448/snippet.py,0,True,4.9,solved,
4c47dc94cc6054fe1398,/gists/4c47dc94cc6054fe1398/snippet.py,0,True,4.9,solved,
4c528bb794449160e9f9a303b7b2dc23,/gists/4c528bb794449160e9f9a303b7b2dc23/snippet.py,0,False,47.7,failed,
4c59bb823a2c4cc886ae51deae9b23d5,/gists/4c59bb823a2c4cc886ae51deae9b23d5/snippet.py,0,True,5.2,solved,
4c5dc5b2b267b43bb4c399ca9115c3f8,/gists/4c5dc5b2b267b43bb4c399ca9115c3f8/snippet.py,0,True,4.9,solved,
4ca0c68878c6d978d067da4a36bcc71d,/gists/4ca0c68878c6d978d067da4a36bcc71d/snippet.py,0,True,10.0,solved,
4cd70e9515ab722b2bce,/gists/4cd70e9515ab722b2bce/snippet.py,0,False,34.9,failed,
4cfe3995013225d1d119,/gists/4cfe3995013225d1d119/snippet.py,0,False,9.2,failed,
4d0f862d981d9bfc6b4f,/gists/4d0f862d981d9bfc6b4f/snippet.py,0,False,18.2,failed,
4d3a1d7c49de414942b87d7f6ab1461c,/gists/4d3a1d7c49de414942b87d7f6ab1461c/snippet.py,0,True,22.8,solved,
4d7afed1dadb457bba977bd3757c1e29,/gists/4d7afed1dadb457bba977bd3757c1e29/snippet.py,0,True,85.2,solved,
4d834d429763e953a40c,/gists/4d834d429763e953a40c/snippet.py,0,True,77.7,solved,
4d859423b9dae1cf7471,/gists/4d859423b9dae1cf7471/snippet.py,0,True,7.7,solved,
4dc4e988baae35aa2ae810281b5297fa,/gists/4dc4e988baae35aa2ae810281b5297fa/snippet.py,0,True,5.9,solved,
4deac45790fa339b537a,/gists/4deac45790fa339b537a/snippet.py,0,False,46.9,failed,
4e24eb196dc377278fc51e517d81df63,/gists/4e24eb196dc377278fc51e517d81df63/snippet.py,0,False,4.6,failed,
4e5035242b8e4b07ff3a,/gists/4e5035242b8e4b07ff3a/snippet.py,0,True,63.3,solved,
4e958d673c51f1fe6f8f,/gists/4e958d673c51f1fe6f8f/snippet.py,0,True,17.0,solved,
4e97eb41e2b9a80cd5de,/gists/4e97eb41e2b9a80cd5de/snippet.py,0,False,18.5,failed,
4eb4497f57e9f6fb78d14aef27fcc750,/gists/4eb4497f57e9f6fb78d14aef27fcc750/snippet.py,0,False,28.2,failed,
4ed43412878723491240814a0d5a6ed6,/gists/4ed43412878723491240814a0d5a6ed6/snippet.py,0,True,140.5,solved,
4ee0a712454480df5ee3,/gists/4ee0a712454480df5ee3/snippet.py,0,False,78.0,failed,
4efe2e28ffcba38aa242,/gists/4efe2e28ffcba38aa242/snippet.py,0,True,8.5,solved,
4f0c1d94f5f164d67f40a4f1c8b0dc15,/gists/4f0c1d94f5f164d67f40a4f1c8b0dc15/snippet.py,0,False,7.1,failed,
4f3a3b3c1828e6d781b624f378890cb0,/gists/4f3a3b3c1828e6d781b624f378890cb0/snippet.py,0,True,85.1,solved,
4f4934893388f971c6c5,/gists/4f4934893388f971c6c5/snippet.py,0,True,5.4,solved,
5001170,/gists/5001170/snippet.py,0,False,8.5,failed,
5002929,/gists/5002929/snippet.py,0,True,5.2,solved,
5008118,/gists/5008118/snippet.py,0,True,5.9,solved,
5015483,/gists/5015483/snippet.py,0,False,9.7,failed,
5017218,/gists/5017218/snippet.py,0,True,5.2,solved,
5022297,/gists/5022297/snippet.py,0,False,10.9,failed,
5028413,/gists/5028413/snippet.py,0,True,5.2,solved,
5029885,/gists/5029885/snippet.py,0,False,42.7,failed,
503106,/gists/503106/snippet.py,0,True,14.7,solved,
5036719,/gists/5036719/snippet.py,0,False,6.9,failed,
5036f784eec2036252e1990da21eda18,/gists/5036f784eec2036252e1990da21eda18/snippet.py,0,True,180.7,solved,
504232,/gists/504232/snippet.py,0,False,14.5,failed,
5043521,/gists/5043521/snippet.py,0,True,20.5,solved,
504768e05fda49a6e3338e798ae1cddd,/gists/504768e05fda49a6e3338e798ae1cddd/snippet.py,0,True,10.6,solved,
5048588,/gists/5048588/snippet.py,0,False,34.3,failed,
5051911,/gists/5051911/snippet.py,0,True,7.2,solved,
5053686,/gists/5053686/snippet.py,0,True,43.7,solved,
5055971,/gists/5055971/snippet.py,0,True,79.0,solved,
5057356,/gists/5057356/snippet.py,0,True,5.2,solved,
5059989,/gists/5059989/snippet.py,0,True,5.2,solved,
5065738,/gists/5065738/snippet.py,0,True,38.5,solved,
5071300,/gists/5071300/snippet.py,0,False,41.7,failed,
5073235,/gists/5073235/snippet.py,0,False,4.8,failed,
5078476,/gists/5078476/snippet.py,0,True,9.8,solved,
5079405,/gists/5079405/snippet.py,0,True,6.5,solved,
507bcbf3e8cfdc5d3549,/gists/507bcbf3e8cfdc5d3549/snippet.py,0,False,12.8,failed,
5088386,/gists/5088386/snippet.py,0,True,8.1,solved,
5090763,/gists/5090763/snippet.py,0,False,34.6,failed,
5091345,/gists/5091345/snippet.py,0,True,4.9,solved,
5091825,/gists/5091825/snippet.py,0,False,20.2,failed,
5097274,/gists/5097274/snippet.py,0,True,11.9,solved,
5099161,/gists/5099161/snippet.py,0,True,5.8,solved,
50abbd0ad3c16c5dee55,/gists/50abbd0ad3c16c5dee55/snippet.py,0,False,4.0,failed,
50ffa966dbb6a1296320705890fcb5cf,/gists/50ffa966dbb6a1296320705890fcb5cf/snippet.py,0,False,7.4,failed,
5104071,/gists/5104071/snippet.py,0,True,174.0,solved,
5106221,/gists/5106221/snippet.py,0,True,6.6,solved,
5108298,/gists/5108298/snippet.py,0,True,9.4,solved,
5108504,/gists/5108504/snippet.py,0,True,33.0,solved,
511440,/gists/511440/snippet.py,0,True,5.4,solved,
5116241,/gists/5116241/snippet.py,0,False,15.4,failed,
5145500,/gists/5145500/snippet.py,0,True,22.0,solved,
5149802,/gists/5149802/snippet.py,0,True,77.8,solved,
5167728,/gists/5167728/snippet.py,0,False,5.4,failed,
51686,/gists/51686/snippet.py,0,False,3.0,failed,
5170087,/gists/5170087/snippet.py,0,True,37.3,solved,
5173293,/gists/5173293/snippet.py,0,True,14.5,solved,
5177683,/gists/5177683/snippet.py,0,True,4.9,solved,
5181631,/gists/5181631/snippet.py,0,False,6.9,failed,
5182378,/gists/5182378/snippet.py,0,False,10.6,failed,
5182379,/gists/5182379/snippet.py,0,True,4.9,solved,
5189575,/gists/5189575/snippet.py,0,True,5.4,solved,
518b0c9564e500b4b50f,/gists/518b0c9564e500b4b50f/snippet.py,0,True,35.8,solved,
51934724e0896184a2340217b383af73,/gists/51934724e0896184a2340217b383af73/snippet.py,0,True,5.5,solved,
51edd66425998e5fca37,/gists/51edd66425998e5fca37/snippet.py,0,False,25.3,failed,
5201689,/gists/5201689/snippet.py,0,False,2.9,failed,
5208296,/gists/5208296/snippet.py,0,False,36.9,failed,
5209228,/gists/5209228/snippet.py,0,False,10.7,failed,
520a2c13f358b3689d00a3c88b34e0c6,/gists/520a2c13f358b3689d00a3c88b34e0c6/snippet.py,0,True,4.9,solved,
5213fabf2bcb943efc82f00959b91163,/gists/5213fabf2bcb943efc82f00959b91163/snippet.py,0,False,16.9,failed,
5215968,/gists/5215968/snippet.py,0,False,598.9,failed,
5225027,/gists/5225027/snippet.py,0,True,10.4,solved,
5232301,/gists/5232301/snippet.py,0,False,2.9,failed,
5237007,/gists/5237007/snippet.py,0,False,9.4,failed,
5237011,/gists/5237011/snippet.py,0,False,4.1,failed,
5237529,/gists/5237529/snippet.py,0,False,48.0,failed,
5241369,/gists/5241369/snippet.py,0,False,4.0,failed,
5263533,/gists/5263533/snippet.py,0,True,5.6,solved,
5263bc6284c4dbe79951,/gists/5263bc6284c4dbe79951/snippet.py,0,True,80.9,solved,
5264046,/gists/5264046/snippet.py,0,True,5.0,solved,
5267494,/gists/5267494/snippet.py,0,True,85.8,solved,
5269514,/gists/5269514/snippet.py,0,True,4.9,solved,
5284646,/gists/5284646/snippet.py,0,False,3.0,failed,
5287589,/gists/5287589/snippet.py,0,False,7.2,failed,
5289693,/gists/5289693/snippet.py,0,True,13.2,solved,
528d816d035f2deaaca1,/gists/528d816d035f2deaaca1/snippet.py,0,True,5.4,solved,
5292f95000e409e239b9dc973295327a,/gists/5292f95000e409e239b9dc973295327a/snippet.py,0,True,398.1,solved,
5297676,/gists/5297676/snippet.py,0,True,5.2,solved,
5297697,/gists/5297697/snippet.py,0,True,5.2,solved,
529816,/gists/529816/snippet.py,0,True,6.8,solved,
52bba57f724e38229da9d85fbc85b673,/gists/52bba57f724e38229da9d85fbc85b673/snippet.py,0,True,36.3,solved,
52ec27e3010a3fd852e1d0d6e2ab5180,/gists/52ec27e3010a3fd852e1d0d6e2ab5180/snippet.py,0,True,11.5,solved,
5301ff823bef4b5eae52,/gists/5301ff823bef4b5eae52/snippet.py,0,False,5.2,failed,
5303446,/gists/5303446/snippet.py,0,True,8.7,solved,
5305869,/gists/5305869/snippet.py,0,True,7.5,solved,
5305895,/gists/5305895/snippet.py,0,False,6.5,failed,
5307284,/gists/5307284/snippet.py,0,True,10.4,solved,
530c20924768ce180923,/gists/530c20924768ce180923/snippet.py,0,False,13.7,failed,
5310037,/gists/5310037/snippet.py,0,False,17.2,failed,
5316196,/gists/5316196/snippet.py,0,False,39.3,failed,
5326230,/gists/5326230/snippet.py,0,False,6.1,failed,
5326379,/gists/5326379/snippet.py,0,False,9.3,failed,
5328738,/gists/5328738/snippet.py,0,True,91.4,solved,
5329310,/gists/5329310/snippet.py,0,True,4.9,solved,
5330231,/gists/5330231/snippet.py,0,False,4.4,failed,
5330566,/gists/5330566/snippet.py,0,False,7.2,failed,
5338905,/gists/5338905/snippet.py,0,False,4.4,failed,
5344084,/gists/5344084/snippet.py,0,True,5.0,solved,
5352608,/gists/5352608/snippet.py,0,True,23.4,solved,
5355925,/gists/5355925/snippet.py,0,True,5.0,solved,
5356796,/gists/5356796/snippet.py,0,False,19.1,failed,
5358040,/gists/5358040/snippet.py,0,True,4.9,solved,
535acf4c62ee2a71da498281c2dfc4f4,/gists/535acf4c62ee2a71da498281c2dfc4f4/snippet.py,0,False,315.8,failed,
5372873,/gists/5372873/snippet.py,0,True,69.7,solved,
5377033,/gists/5377033/snippet.py,0,True,8.8,solved,
5378938,/gists/5378938/snippet.py,0,True,15.0,solved,
5380169,/gists/5380169/snippet.py,0,False,5.9,failed,
5382778,/gists/5382778/snippet.py,0,True,4.9,solved,
5383149,/gists/5383149/snippet.py,0,True,4.9,solved,
539928493c4e74b3ec112f4cf4a6df91,/gists/539928493c4e74b3ec112f4cf4a6df91/snippet.py,0,True,177.7,solved,
539a9ec008b1e5b3b7fd,/gists/539a9ec008b1e5b3b7fd/snippet.py,0,False,6.6,failed,
53aad9bb83b233b523270c30d36e4c81,/gists/53aad9bb83b233b523270c30d36e4c81/snippet.py,0,True,7.1,solved,
5400853,/gists/5400853/snippet.py,0,True,4.9,solved,
5403877,/gists/5403877/snippet.py,0,False,6.9,failed,
5406587,/gists/5406587/snippet.py,0,False,10.3,failed,
540687,/gists/540687/snippet.py,0,True,7.4,solved,
5409581,/gists/5409581/snippet.py,0,False,6.1,failed,
540f615dd9d54de47dc52b0ca60522c1,/gists/540f615dd9d54de47dc52b0ca60522c1/snippet.py,0,False,3.5,failed,
5415296,/gists/5415296/snippet.py,0,True,7.5,solved,
5415869,/gists/5415869/snippet.py,0,False,3.8,failed,
5420020,/gists/5420020/snippet.py,0,True,7.1,solved,
5420652,/gists/5420652/snippet.py,0,False,5.6,failed,
542786,/gists/542786/snippet.py,0,False,34.6,failed,
5437131,/gists/5437131/snippet.py,0,False,11.7,failed,
5437436,/gists/5437436/snippet.py,0,False,15.7,failed,
5441636,/gists/5441636/snippet.py,0,False,24.7,failed,
5441be08c6d80ca55040678bcd79c3c5,/gists/5441be08c6d80ca55040678bcd79c3c5/snippet.py,0,True,4.9,solved,
5443399,/gists/5443399/snippet.py,0,False,12.7,failed,
5445149,/gists/5445149/snippet.py,0,False,34.0,failed,
5455375,/gists/5455375/snippet.py,0,True,8.0,solved,
5455d2c57fb33c1ae04706f2dc4fee01,/gists/5455d2c57fb33c1ae04706f2dc4fee01/snippet.py,0,False,39.4,failed,
5459536,/gists/5459536/snippet.py,0,True,6.2,solved,
5463830,/gists/5463830/snippet.py,0,True,8.7,solved,
5463a2fbac8facf55d74,/gists/5463a2fbac8facf55d74/snippet.py,0,True,22.8,solved,
5466822,/gists/5466822/snippet.py,0,True,10.5,solved,
5472885,/gists/5472885/snippet.py,0,False,6.6,failed,
5473058,/gists/5473058/snippet.py,0,False,6.8,failed,
5476453,/gists/5476453/snippet.py,0,True,9.2,solved,
5478382,/gists/5478382/snippet.py,0,False,23.8,failed,
5478642,/gists/5478642/snippet.py,0,True,77.0,solved,
5480533,/gists/5480533/snippet.py,0,False,11.2,failed,
5487749,/gists/5487749/snippet.py,0,False,5.7,failed,
5488053,/gists/5488053/snippet.py,0,True,5.5,solved,
54e6f7d63df3866a87a15aed17b51eaf,/gists/54e6f7d63df3866a87a15aed17b51eaf/snippet.py,0,True,4.9,solved,
5502087,/gists/5502087/snippet.py,0,False,8.3,failed,
550fe172cd277bb2f057574f2e75aff4,/gists/550fe172cd277bb2f057574f2e75aff4/snippet.py,0,True,4.9,solved,
5515619,/gists/5515619/snippet.py,0,False,3.6,failed,
5519057,/gists/5519057/snippet.py,0,False,12.0,failed,
5520379,/gists/5520379/snippet.py,0,False,61.9,failed,
5521548,/gists/5521548/snippet.py,0,False,54.0,failed,
5521734,/gists/5521734/snippet.py,0,True,14.3,solved,
5527142,/gists/5527142/snippet.py,0,True,170.2,solved,
5534008,/gists/5534008/snippet.py,0,True,9.1,solved,
5536498,/gists/5536498/snippet.py,0,True,5.7,solved,
5540702,/gists/5540702/snippet.py,0,True,7.1,solved,
5544335,/gists/5544335/snippet.py,0,True,4.9,solved,
5544803,/gists/5544803/snippet.py,0,True,10.6,solved,
5553364,/gists/5553364/snippet.py,0,False,10.0,failed,
5560796,/gists/5560796/snippet.py,0,True,6.3,solved,
5562029,/gists/5562029/snippet.py,0,True,9.0,solved,
5574345,/gists/5574345/snippet.py,0,True,7.7,solved,
5580829,/gists/5580829/snippet.py,0,True,5.5,solved,
5587680,/gists/5587680/snippet.py,0,True,7.9,solved,
5596077,/gists/5596077/snippet.py,0,False,9.6,failed,
5598271,/gists/5598271/snippet.py,0,False,4.8,failed,
559e56401dee3eccfa23,/gists/559e56401dee3eccfa23/snippet.py,0,True,4.9,solved,
55b804cf62b8ee0fa23efdb3ea5a4701,/gists/55b804cf62b8ee0fa23efdb3ea5a4701/snippet.py,0,False,38.9,failed,
5603909,/gists/5603909/snippet.py,0,True,15.6,solved,
5604018,/gists/5604018/snippet.py,0,True,18.7,solved,
5606474,/gists/5606474/snippet.py,0,True,4.9,solved,
5608566,/gists/5608566/snippet.py,0,False,76.7,failed,
5610068,/gists/5610068/snippet.py,0,True,4.9,solved,
5612981,/gists/5612981/snippet.py,0,True,8.9,solved,
5614326,/gists/5614326/snippet.py,0,True,92.4,solved,
56180516c91e8b934168ea29c52ee242,/gists/56180516c91e8b934168ea29c52ee242/snippet.py,0,True,5.9,solved,
561bf3bf6c1477d99e7b,/gists/561bf3bf6c1477d99e7b/snippet.py,0,False,16.5,failed,
561d5eec7fed9ebf48751d124a77b087,/gists/561d5eec7fed9ebf48751d124a77b087/snippet.py,0,False,361.6,failed,
5623772,/gists/5623772/snippet.py,0,True,5.2,solved,
562f25bbcf20691217b8,/gists/562f25bbcf20691217b8/snippet.py,0,True,10.6,solved,
5633266,/gists/5633266/snippet.py,0,True,21.1,solved,
5642247,/gists/5642247/snippet.py,0,True,52.5,solved,
5649074,/gists/5649074/snippet.py,0,False,7.3,failed,
5650237,/gists/5650237/snippet.py,0,False,10.8,failed,
5658529,/gists/5658529/snippet.py,0,True,88.0,solved,
5660363,/gists/5660363/snippet.py,0,False,7.0,failed,
5660624,/gists/5660624/snippet.py,0,False,63.5,failed,
5663cc76aa329b2ddfb5,/gists/5663cc76aa329b2ddfb5/snippet.py,0,False,11.1,failed,
5665472,/gists/5665472/snippet.py,0,False,6.2,failed,
5669126,/gists/5669126/snippet.py,0,False,46.2,failed,
566ebde618ec18f2bea6,/gists/566ebde618ec18f2bea6/snippet.py,0,False,107.0,failed,
5675359,/gists/5675359/snippet.py,0,False,9.9,failed,
5679049,/gists/5679049/snippet.py,0,False,69.1,failed,
5680477,/gists/5680477/snippet.py,0,False,22.4,failed,
5682306,/gists/5682306/snippet.py,0,True,9.0,solved,
5684769,/gists/5684769/snippet.py,0,False,17.5,failed,
5690111,/gists/5690111/snippet.py,0,True,5.0,solved,
5690132,/gists/5690132/snippet.py,0,False,7.9,failed,
5690971,/gists/5690971/snippet.py,0,True,4.9,solved,
5691375,/gists/5691375/snippet.py,0,False,46.8,failed,
5693955,/gists/5693955/snippet.py,0,False,3.9,failed,
5696520,/gists/5696520/snippet.py,0,False,6.4,failed,
5702d57eb4cb6ef6e7e8,/gists/5702d57eb4cb6ef6e7e8/snippet.py,0,True,23.2,solved,
5703516,/gists/5703516/snippet.py,0,False,6.0,failed,
5710254,/gists/5710254/snippet.py,0,True,4.9,solved,
571027,/gists/571027/snippet.py,0,True,6.1,solved,
5712436,/gists/5712436/snippet.py,0,True,6.0,solved,
5716253,/gists/5716253/snippet.py,0,True,4.9,solved,
5717321,/gists/5717321/snippet.py,0,True,171.6,solved,
5719077,/gists/5719077/snippet.py,0,True,21.2,solved,
5719341,/gists/5719341/snippet.py,0,False,67.2,failed,
5720029,/gists/5720029/snippet.py,0,False,4.7,failed,
5722085,/gists/5722085/snippet.py,0,False,24.5,failed,
5722696,/gists/5722696/snippet.py,0,True,5.5,solved,
5735359,/gists/5735359/snippet.py,0,True,15.5,solved,
57417446d9c2e986692b3c60069ebc45,/gists/57417446d9c2e986692b3c60069ebc45/snippet.py,0,False,13.2,failed,
5748e199a3bec164a867c9b654e5ffe5,/gists/5748e199a3bec164a867c9b654e5ffe5/snippet.py,0,False,29.8,failed,
574fc95caee4c22f21ed,/gists/574fc95caee4c22f21ed/snippet.py,0,True,26.4,solved,
5752919,/gists/5752919/snippet.py,0,True,6.3,solved,
5753650,/gists/5753650/snippet.py,0,False,8.2,failed,
5761c3be67a0c7d78ec8,/gists/5761c3be67a0c7d78ec8/snippet.py,0,True,4.9,solved,
5763651,/gists/5763651/snippet.py,0,False,12.1,failed,
5773979,/gists/5773979/snippet.py,0,True,7.5,solved,
5778557,/gists/5778557/snippet.py,0,False,5.2,failed,
5780124,/gists/5780124/snippet.py,0,False,7.9,failed,
5780127,/gists/5780127/snippet.py,0,True,11.8,solved,
5781308,/gists/5781308/snippet.py,0,False,2.9,failed,
5782780,/gists/5782780/snippet.py,0,False,2.9,failed,
5787626,/gists/5787626/snippet.py,0,False,6.9,failed,
57901e91e5c5a8bac3eb0cbbdd3aba81,/gists/57901e91e5c5a8bac3eb0cbbdd3aba81/snippet.py,0,True,78.9,solved,
5793291,/gists/5793291/snippet.py,0,False,9.7,failed,
5794494,/gists/5794494/snippet.py,0,False,9.4,failed,
5796677,/gists/5796677/snippet.py,0,True,9.1,solved,
5803651,/gists/5803651/snippet.py,0,True,16.3,solved,
5803923,/gists/5803923/snippet.py,0,True,9.3,solved,
5805662,/gists/5805662/snippet.py,0,False,24.1,failed,
5807648,/gists/5807648/snippet.py,0,True,5.5,solved,
5807738,/gists/5807738/snippet.py,0,False,9.0,failed,
5807746,/gists/5807746/snippet.py,0,False,12.8,failed,
5808d73731b50f8abbdcb3c3c5c1e6fa,/gists/5808d73731b50f8abbdcb3c3c5c1e6fa/snippet.py,0,True,4.9,solved,
5809279,/gists/5809279/snippet.py,0,True,4.9,solved,
5819145,/gists/5819145/snippet.py,0,False,58.7,failed,
5823693,/gists/5823693/snippet.py,0,True,67.2,solved,
5823716a1da5f0273504,/gists/5823716a1da5f0273504/snippet.py,0,False,8.6,failed,
5846464,/gists/5846464/snippet.py,0,True,15.4,solved,
5849024,/gists/5849024/snippet.py,0,False,7.4,failed,
5849790,/gists/5849790/snippet.py,0,True,7.2,solved,
5855372,/gists/5855372/snippet.py,0,True,15.3,solved,
5856269,/gists/5856269/snippet.py,0,False,7.6,failed,
5858518,/gists/5858518/snippet.py,0,False,47.6,failed,
5859643,/gists/5859643/snippet.py,0,True,12.7,solved,
5860168615a35b5b5ef69710d61f02d4,/gists/5860168615a35b5b5ef69710d61f02d4/snippet.py,0,False,44.0,failed,
586056,/gists/586056/snippet.py,0,True,5.4,solved,
5860853,/gists/5860853/snippet.py,0,True,17.8,solved,
5862530,/gists/5862530/snippet.py,0,False,11.0,failed,
5866756,/gists/5866756/snippet.py,0,True,18.4,solved,
58673e7bda3767bf82b1,/gists/58673e7bda3767bf82b1/snippet.py,0,False,4.1,failed,
586892,/gists/586892/snippet.py,0,False,3.3,failed,
587011a65d05f067a29ce9c22894d1d2,/gists/587011a65d05f067a29ce9c22894d1d2/snippet.py,0,False,6.2,failed,
5872584,/gists/5872584/snippet.py,0,False,69.2,failed,
5875326,/gists/5875326/snippet.py,0,True,8.5,solved,
5875346,/gists/5875346/snippet.py,0,False,8.7,failed,
5881137,/gists/5881137/snippet.py,0,True,4.9,solved,
5882365,/gists/5882365/snippet.py,0,False,4.6,failed,
5882966,/gists/5882966/snippet.py,0,False,4.7,failed,
5886984,/gists/5886984/snippet.py,0,True,70.3,solved,
5888967,/gists/5888967/snippet.py,0,True,9.5,solved,
5889795,/gists/5889795/snippet.py,0,True,13.4,solved,
5894681,/gists/5894681/snippet.py,0,True,4.9,solved,
5898352,/gists/5898352/snippet.py,0,True,16.8,solved,
58e015dd9ff33049da5a,/gists/58e015dd9ff33049da5a/snippet.py,0,True,27.9,solved,
5900563,/gists/5900563/snippet.py,0,False,54.9,failed,
5907109,/gists/5907109/snippet.py,0,True,30.8,solved,
5911624,/gists/5911624/snippet.py,0,False,22.4,failed,
592040,/gists/592040/snippet.py,0,True,5.5,solved,
5924965,/gists/5924965/snippet.py,0,True,4.9,solved,
593c950ba1a3b9dd08d5,/gists/593c950ba1a3b9dd08d5/snippet.py,0,True,37.3,solved,
594015,/gists/594015/snippet.py,0,True,5.9,solved,
5951030,/gists/5951030/snippet.py,0,True,5.2,solved,
5953776,/gists/5953776/snippet.py,0,False,38.7,failed,
5969656,/gists/5969656/snippet.py,0,False,6.3,failed,
5973156,/gists/5973156/snippet.py,0,True,17.5,solved,
5981683,/gists/5981683/snippet.py,0,False,3.6,failed,
5984815,/gists/5984815/snippet.py,0,False,8.0,failed,
5996074,/gists/5996074/snippet.py,0,True,4.9,solved,
5998853,/gists/5998853/snippet.py,0,True,15.2,solved,
59cf3e5b6d96bf67bca34530e522be08,/gists/59cf3e5b6d96bf67bca34530e522be08/snippet.py,0,True,12.6,solved,
59f9d4f5fd8196c849a892a56ba90baf,/gists/59f9d4f5fd8196c849a892a56ba90baf/snippet.py,0,False,20.3,failed,
5a073b72c94de357d453,/gists/5a073b72c94de357d453/snippet.py,0,False,15.8,failed,
5a1aaa2effe3825368db4c1925924bba,/gists/5a1aaa2effe3825368db4c1925924bba/snippet.py,0,False,7.6,failed,
5a4c39e4c02502a8451d,/gists/5a4c39e4c02502a8451d/snippet.py,0,True,9.7,solved,
5a51bc0ded46b230c5322a234cf8eabf,/gists/5a51bc0ded46b230c5322a234cf8eabf/snippet.py,0,True,6.2,solved,
5a534f9deb80775f0f497a4133a79d7b,/gists/5a534f9deb80775f0f497a4133a79d7b/snippet.py,0,True,4.9,solved,
5a5c3a6ad327f303cb915198aec8a90d,/gists/5a5c3a6ad327f303cb915198aec8a90d/snippet.py,0,False,38.4,failed,
5a9f5f02c53b3fa648c5704e34b1db8a,/gists/5a9f5f02c53b3fa648c5704e34b1db8a/snippet.py,0,False,3.1,failed,
5aec669ea8a8c920c0960fa05895687f,/gists/5aec669ea8a8c920c0960fa05895687f/snippet.py,0,False,5.2,failed,
5af7cd0e934f5465b695,/gists/5af7cd0e934f5465b695/snippet.py,0,True,6.0,solved,
5b17c9f37f351780744aefc74f93d3ae,/gists/5b17c9f37f351780744aefc74f93d3ae/snippet.py,0,False,47.2,failed,
5b4c5ffdcdb5a13e0267,/gists/5b4c5ffdcdb5a13e0267/snippet.py,0,False,6.5,failed,
5b581d774fc8500325f7,/gists/5b581d774fc8500325f7/snippet.py,0,True,23.4,solved,
5b62847bf934785119ffb16be636e073,/gists/5b62847bf934785119ffb16be636e073/snippet.py,0,False,34.4,failed,
5b769cd2a86bb1270188ffa423941d5f,/gists/5b769cd2a86bb1270188ffa423941d5f/snippet.py,0,False,13.7,failed,
5b9bd428079959558ba8,/gists/5b9bd428079959558ba8/snippet.py,0,False,3.9,failed,
5baaf1d206cf5e81436d,/gists/5baaf1d206cf5e81436d/snippet.py,0,True,164.0,solved,
5bcffaac23236a78ea14,/gists/5bcffaac23236a78ea14/snippet.py,0,False,5.9,failed,
5bfad28ceb3a484dfd2a,/gists/5bfad28ceb3a484dfd2a/snippet.py,0,True,11.1,solved,
5c422d709c93615341a21009f800222e,/gists/5c422d709c93615341a21009f800222e/snippet.py,0,False,6.8,failed,
5c4fd516ad174c7f443fcad9090a2d1f,/gists/5c4fd516ad174c7f443fcad9090a2d1f/snippet.py,0,True,110.7,solved,
5c973ec1b5ab2e387646,/gists/5c973ec1b5ab2e387646/snippet.py,0,False,9.1,failed,
5ce8bb1f4c55d17b5b25,/gists/5ce8bb1f4c55d17b5b25/snippet.py,0,True,6.2,solved,
5cf3163e0d77275870bf,/gists/5cf3163e0d77275870bf/snippet.py,0,False,37.7,failed,
5d7c8763d1345eedee4408e2392bc5e0,/gists/5d7c8763d1345eedee4408e2392bc5e0/snippet.py,0,True,30.7,solved,
5dcd725d464858e9082f,/gists/5dcd725d464858e9082f/snippet.py,0,True,25.2,solved,
5df669df7b29806ca541,/gists/5df669df7b29806ca541/snippet.py,0,False,18.9,failed,
5e96a65ee11698a26403,/gists/5e96a65ee11698a26403/snippet.py,0,False,5.5,failed,
5e9a7c0d46cfdfe00104,/gists/5e9a7c0d46cfdfe00104/snippet.py,0,False,94.4,failed,
5eaed8a5c299e5282d066a1fbc03152c,/gists/5eaed8a5c299e5282d066a1fbc03152c/snippet.py,0,True,7.5,solved,
5eba991c39426ca42cbb,/gists/5eba991c39426ca42cbb/snippet.py,0,False,7.8,failed,
5eda4214788429e9d09c060cca10971f,/gists/5eda4214788429e9d09c060cca10971f/snippet.py,0,False,7.8,failed,
5f1baad30024a898e9f2115ac9b0c631,/gists/5f1baad30024a898e9f2115ac9b0c631/snippet.py,0,False,3.0,failed,
5f256b69a07a43f978b4,/gists/5f256b69a07a43f978b4/snippet.py,0,True,4.9,solved,
5f2fd870eb8a2325c0842dbd787574c3,/gists/5f2fd870eb8a2325c0842dbd787574c3/snippet.py,0,False,5.6,failed,
5f54de51270d4c2d2747,/gists/5f54de51270d4c2d2747/snippet.py,0,True,6.2,solved,
5f59050155c3159c2185,/gists/5f59050155c3159c2185/snippet.py,0,False,12.2,failed,
5f9f2c05c5e3dc6b31d8,/gists/5f9f2c05c5e3dc6b31d8/snippet.py,0,False,10.1,failed,
6000407,/gists/6000407/snippet.py,0,True,6.2,solved,
6003874,/gists/6003874/snippet.py,0,False,3.7,failed,
6005981,/gists/6005981/snippet.py,0,False,30.8,failed,
600fa8852b4741fb2bb1,/gists/600fa8852b4741fb2bb1/snippet.py,0,False,26.1,failed,
6019350,/gists/6019350/snippet.py,0,False,26.6,failed,
6021768,/gists/6021768/snippet.py,0,False,7.4,failed,
6027183,/gists/6027183/snippet.py,0,True,5.7,solved,
6027504,/gists/6027504/snippet.py,0,False,39.2,failed,
6033364,/gists/6033364/snippet.py,0,True,10.6,solved,
6038174,/gists/6038174/snippet.py,0,True,5.7,solved,
603819,/gists/603819/snippet.py,0,False,7.2,failed,
6038468,/gists/6038468/snippet.py,0,False,40.3,failed,
6040840,/gists/6040840/snippet.py,0,False,5.6,failed,
6044677,/gists/6044677/snippet.py,0,True,6.3,solved,
6049584,/gists/6049584/snippet.py,0,True,6.4,solved,
6055795,/gists/6055795/snippet.py,0,False,8.3,failed,
6065887,/gists/6065887/snippet.py,0,True,47.9,solved,
6069808,/gists/6069808/snippet.py,0,True,5.5,solved,
6074452,/gists/6074452/snippet.py,0,False,13.3,failed,
6078248,/gists/6078248/snippet.py,0,False,3.8,failed,
6085344,/gists/6085344/snippet.py,0,False,7.9,failed,
608595,/gists/608595/snippet.py,0,True,10.0,solved,
6087798,/gists/6087798/snippet.py,0,False,27.7,failed,
6092292,/gists/6092292/snippet.py,0,False,66.2,failed,
6094449,/gists/6094449/snippet.py,0,True,36.9,solved,
6094977,/gists/6094977/snippet.py,0,True,6.1,solved,
6095815,/gists/6095815/snippet.py,0,True,5.6,solved,
6095e3cce3877881393a19659430ddf0,/gists/6095e3cce3877881393a19659430ddf0/snippet.py,0,True,5.0,solved,
6097195,/gists/6097195/snippet.py,0,False,46.5,failed,
6099960,/gists/6099960/snippet.py,0,False,5.7,failed,
60bacd65c89e5290f452,/gists/60bacd65c89e5290f452/snippet.py,0,False,11.4,failed,
60e006b7642707c2e898,/gists/60e006b7642707c2e898/snippet.py,0,False,5.1,failed,
6102062,/gists/6102062/snippet.py,0,False,155.7,failed,
6103019,/gists/6103019/snippet.py,0,False,91.2,failed,
6105220,/gists/6105220/snippet.py,0,False,11.5,failed,
6113246,/gists/6113246/snippet.py,0,True,13.2,solved,
6118172,/gists/6118172/snippet.py,0,True,5.7,solved,
6145546,/gists/6145546/snippet.py,0,False,11.4,failed,
6146161,/gists/6146161/snippet.py,0,False,7.4,failed,
6146611,/gists/6146611/snippet.py,0,True,14.6,solved,
614fc39a78d028c9dce9,/gists/614fc39a78d028c9dce9/snippet.py,0,False,31.2,failed,
614fea74e9c67df0aae0,/gists/614fea74e9c67df0aae0/snippet.py,0,True,82.4,solved,
6152106,/gists/6152106/snippet.py,0,False,19.6,failed,
6156601,/gists/6156601/snippet.py,0,True,7.2,solved,
6162321,/gists/6162321/snippet.py,0,True,8.0,solved,
6165747,/gists/6165747/snippet.py,0,False,368.4,failed,
6168003,/gists/6168003/snippet.py,0,True,9.9,solved,
6175388,/gists/6175388/snippet.py,0,True,5.7,solved,
6179550,/gists/6179550/snippet.py,0,True,9.3,solved,
6194556,/gists/6194556/snippet.py,0,True,6.1,solved,
619473,/gists/619473/snippet.py,0,False,6.8,failed,
6194738,/gists/6194738/snippet.py,0,False,10.9,failed,
61a82e7c920468325ea8,/gists/61a82e7c920468325ea8/snippet.py,0,True,12.2,solved,
61dc4abed6186117f2a70b058a2b8d14,/gists/61dc4abed6186117f2a70b058a2b8d14/snippet.py,0,True,5.6,solved,
61f9226f7ea498abce36187ddaf51ed5,/gists/61f9226f7ea498abce36187ddaf51ed5/snippet.py,0,True,41.6,solved,
6201049,/gists/6201049/snippet.py,0,False,11.9,failed,
6202539,/gists/6202539/snippet.py,0,False,11.6,failed,
6206626,/gists/6206626/snippet.py,0,False,77.5,failed,
6229929,/gists/6229929/snippet.py,0,True,7.5,solved,
6230787,/gists/6230787/snippet.py,0,True,16.9,solved,
6258303,/gists/6258303/snippet.py,0,True,8.6,solved,
6260dd97a3e39eba9cd6,/gists/6260dd97a3e39eba9cd6/snippet.py,0,False,3.1,failed,
626356,/gists/626356/snippet.py,0,True,61.4,solved,
6280390,/gists/6280390/snippet.py,0,True,5.4,solved,
629508,/gists/629508/snippet.py,0,True,6.0,solved,
62d629216e19906c53d3,/gists/62d629216e19906c53d3/snippet.py,0,True,11.5,solved,
6309113,/gists/6309113/snippet.py,0,True,4.9,solved,
630df68eb42d881755a3e30343252f74,/gists/630df68eb42d881755a3e30343252f74/snippet.py,0,True,21.1,solved,
631953,/gists/631953/snippet.py,0,True,8.5,solved,
6323931,/gists/6323931/snippet.py,0,False,9.2,failed,
6325830,/gists/6325830/snippet.py,0,False,32.9,failed,
6327611,/gists/6327611/snippet.py,0,False,29.6,failed,
632e39a9b4dda391fe54,/gists/632e39a9b4dda391fe54/snippet.py,0,False,21.1,failed,
6333547,/gists/6333547/snippet.py,0,True,5.8,solved,
6334787,/gists/6334787/snippet.py,0,False,22.0,failed,
6337361,/gists/6337361/snippet.py,0,True,5.5,solved,
6366854,/gists/6366854/snippet.py,0,True,4.9,solved,
6374514,/gists/6374514/snippet.py,0,True,8.8,solved,
638aca3fc4314290af59110d0602f86e,/gists/638aca3fc4314290af59110d0602f86e/snippet.py,0,True,6.7,solved,
639576c25693ca4890457efa5f67d103,/gists/639576c25693ca4890457efa5f67d103/snippet.py,0,True,28.9,solved,
63e115cc0c79b4f6b8b3a6b797e485c7,/gists/63e115cc0c79b4f6b8b3a6b797e485c7/snippet.py,0,True,77.2,solved,
6404683,/gists/6404683/snippet.py,0,False,19.0,failed,
6408165,/gists/6408165/snippet.py,0,False,3.0,failed,
6414599,/gists/6414599/snippet.py,0,True,4.9,solved,
641dc6b15155e600135d,/gists/641dc6b15155e600135d/snippet.py,0,False,3.5,failed,
642535b8baeaedb02a56,/gists/642535b8baeaedb02a56/snippet.py,0,False,31.5,failed,
6426282,/gists/6426282/snippet.py,0,True,13.0,solved,
643f812a275a9e0c75048aab6988a92c,/gists/643f812a275a9e0c75048aab6988a92c/snippet.py,0,True,4.9,solved,
6446136,/gists/6446136/snippet.py,0,True,5.6,solved,
6453947,/gists/6453947/snippet.py,0,False,73.7,failed,
6454814,/gists/6454814/snippet.py,0,True,0,skipped,
6462976,/gists/6462976/snippet.py,0,False,47.9,failed,
6463966,/gists/6463966/snippet.py,0,False,55.0,failed,
6467595,/gists/6467595/snippet.py,0,True,0,skipped,
6471e364501e7c62a0c41d92fa6090bc,/gists/6471e364501e7c62a0c41d92fa6090bc/snippet.py,0,True,0,skipped,
6472432,/gists/6472432/snippet.py,0,True,0,skipped,
64821d31816bce595a4bbd98588b37f5,/gists/64821d31816bce595a4bbd98588b37f5/snippet.py,0,True,0,skipped,
6483510,/gists/6483510/snippet.py,0,False,28.7,failed,
6499135,/gists/6499135/snippet.py,0,True,0,skipped,
64cf037c55c0d42196762c0ccacc7380,/gists/64cf037c55c0d42196762c0ccacc7380/snippet.py,0,False,52.9,failed,
6504557,/gists/6504557/snippet.py,0,False,32.9,failed,
6507189,/gists/6507189/snippet.py,0,True,0,skipped,
6507cb95562f1db6df84,/gists/6507cb95562f1db6df84/snippet.py,0,False,26.8,failed,
6509307,/gists/6509307/snippet.py,0,True,0,skipped,
651080,/gists/651080/snippet.py,0,True,0,skipped,
651afb13d45e4c587f63,/gists/651afb13d45e4c587f63/snippet.py,0,False,16.7,failed,
6530635,/gists/6530635/snippet.py,0,True,0,skipped,
6532185,/gists/6532185/snippet.py,0,False,105.1,failed,
6532334,/gists/6532334/snippet.py,0,True,0,skipped,
6536381,/gists/6536381/snippet.py,0,True,0,skipped,
654157,/gists/654157/snippet.py,0,True,0,skipped,
6551668,/gists/6551668/snippet.py,0,False,136.5,failed,
65538,/gists/65538/snippet.py,0,False,9.6,failed,
6553a21faade20f72e9f,/gists/6553a21faade20f72e9f/snippet.py,0,False,28.1,failed,
6557760,/gists/6557760/snippet.py,0,True,0,skipped,
6562886,/gists/6562886/snippet.py,0,False,51.5,failed,
6572592,/gists/6572592/snippet.py,0,False,158.7,failed,
6576933,/gists/6576933/snippet.py,0,True,0,skipped,
6581415,/gists/6581415/snippet.py,0,False,13.3,failed,
659867,/gists/659867/snippet.py,0,True,0,skipped,
65fbce1860ef204ee908,/gists/65fbce1860ef204ee908/snippet.py,0,False,40.0,failed,
660303,/gists/660303/snippet.py,0,True,0,skipped,
6604662,/gists/6604662/snippet.py,0,False,279.7,failed,
6606487,/gists/6606487/snippet.py,0,True,0,skipped,
660a9d578b5f0225e5f0,/gists/660a9d578b5f0225e5f0/snippet.py,0,False,424.8,failed,
6622819,/gists/6622819/snippet.py,0,False,98.8,failed,
6622928,/gists/6622928/snippet.py,0,False,43.5,failed,
6623972,/gists/6623972/snippet.py,0,True,0,skipped,
6625609,/gists/6625609/snippet.py,0,True,0,skipped,
6627336,/gists/6627336/snippet.py,0,True,0,skipped,
6637377,/gists/6637377/snippet.py,0,False,34.4,failed,
6649639,/gists/6649639/snippet.py,0,True,0,skipped,
667150e96fdc2d53fd11,/gists/667150e96fdc2d53fd11/snippet.py,0,True,0,skipped,
6673250,/gists/6673250/snippet.py,0,True,0,skipped,
667919,/gists/667919/snippet.py,0,False,514.2,failed,
6679768,/gists/6679768/snippet.py,0,False,30.3,failed,
667c5554e5d9d9a25ae6,/gists/667c5554e5d9d9a25ae6/snippet.py,0,True,0,skipped,
667e61d2f101f2f04542,/gists/667e61d2f101f2f04542/snippet.py,0,True,0,skipped,
6680676,/gists/6680676/snippet.py,0,False,180.5,failed,
668791,/gists/668791/snippet.py,0,False,338.7,failed,
6691093,/gists/6691093/snippet.py,0,False,31.2,failed,
6695625,/gists/6695625/snippet.py,0,False,44.4,failed,
66ed98cf3fc2b161df47c0c08954dc62,/gists/66ed98cf3fc2b161df47c0c08954dc62/snippet.py,0,True,0,skipped,
66f1569ebb0d878748fe,/gists/66f1569ebb0d878748fe/snippet.py,0,True,0,skipped,
67044,/gists/67044/snippet.py,0,False,3.0,failed,
6714b632c92d8967fd3c,/gists/6714b632c92d8967fd3c/snippet.py,0,True,0,skipped,
6718314,/gists/6718314/snippet.py,0,False,179.1,failed,
6719172,/gists/6719172/snippet.py,0,False,147.4,failed,
672229,/gists/672229/snippet.py,0,False,80.0,failed,
6754465,/gists/6754465/snippet.py,0,True,0,skipped,
6759305,/gists/6759305/snippet.py,0,False,30.5,failed,
6770178,/gists/6770178/snippet.py,0,True,0,skipped,
6771295,/gists/6771295/snippet.py,0,True,0,skipped,
6776391,/gists/6776391/snippet.py,0,True,0,skipped,
6799568,/gists/6799568/snippet.py,0,True,0,skipped,
67bdd4bd8c26e2178579,/gists/67bdd4bd8c26e2178579/snippet.py,0,False,15.7,failed,
67c14af0d5afaae5b18c,/gists/67c14af0d5afaae5b18c/snippet.py,0,True,0,skipped,
67c7a6d77a6da0a56329,/gists/67c7a6d77a6da0a56329/snippet.py,0,True,0,skipped,
67effa81dd1cd5a488b4,/gists/67effa81dd1cd5a488b4/snippet.py,0,False,150.8,failed,
6808772,/gists/6808772/snippet.py,0,False,33.5,failed,
6815711,/gists/6815711/snippet.py,0,True,0,skipped,
6838974,/gists/6838974/snippet.py,0,True,0,skipped,
6843565,/gists/6843565/snippet.py,0,False,355.4,failed,
6856389,/gists/6856389/snippet.py,0,False,173.2,failed,
6869344,/gists/6869344/snippet.py,0,True,0,skipped,
6874944,/gists/6874944/snippet.py,0,False,190.4,failed,
6874ff814ab7f2530b2a,/gists/6874ff814ab7f2530b2a/snippet.py,0,False,135.9,failed,
6893b83409ae4575e2bd,/gists/6893b83409ae4575e2bd/snippet.py,0,True,0,skipped,
689f4a38bc6cb9a7adc0,/gists/689f4a38bc6cb9a7adc0/snippet.py,0,False,81.2,failed,
6901429,/gists/6901429/snippet.py,0,True,0,skipped,
691e97ce22f7cd43d6a9d54305344587,/gists/691e97ce22f7cd43d6a9d54305344587/snippet.py,0,True,0,skipped,
6947661,/gists/6947661/snippet.py,0,False,73.9,failed,
6957826,/gists/6957826/snippet.py,0,False,160.8,failed,
6958459,/gists/6958459/snippet.py,0,True,0,skipped,
6987693,/gists/6987693/snippet.py,0,True,0,skipped,
6993747,/gists/6993747/snippet.py,0,True,0,skipped,
69aae99be6f6acfadf2073817c2f61b0,/gists/69aae99be6f6acfadf2073817c2f61b0/snippet.py,0,True,0,skipped,
69aec1259131b5619fb7,/gists/69aec1259131b5619fb7/snippet.py,0,True,0,skipped,
69b8e351dac87f4c3f5b440632727fdb,/gists/69b8e351dac87f4c3f5b440632727fdb/snippet.py,0,True,0,skipped,
69da10ec6f22c6d7b92deefdb4a4f475,/gists/69da10ec6f22c6d7b92deefdb4a4f475/snippet.py,0,False,72.8,failed,
69dfe7943b076f0d79db,/gists/69dfe7943b076f0d79db/snippet.py,0,False,193.1,failed,
69f4acd1fc094c66ba73,/gists/69f4acd1fc094c66ba73/snippet.py,0,False,45.3,failed,
6a01cbe55657121a1f3d,/gists/6a01cbe55657121a1f3d/snippet.py,0,True,0,skipped,
6a9e5ef2921c0214eeeb,/gists/6a9e5ef2921c0214eeeb/snippet.py,0,True,0,skipped,
6aa898d22e74aa9dafc3,/gists/6aa898d22e74aa9dafc3/snippet.py,0,True,0,skipped,
6af3dd8894ec4255a63f,/gists/6af3dd8894ec4255a63f/snippet.py,0,True,0,skipped,
6af6a8478561aa8a0121,/gists/6af6a8478561aa8a0121/snippet.py,0,True,0,skipped,
6b2273d7e332f29193d0,/gists/6b2273d7e332f29193d0/snippet.py,0,False,150.2,failed,
6b2944d74ec9dd229938,/gists/6b2944d74ec9dd229938/snippet.py,0,False,81.3,failed,
6b93a8028f4dc40cab49,/gists/6b93a8028f4dc40cab49/snippet.py,0,False,56.0,failed,
6b9bae1310f2ee6b47ba3663bdcb1ded,/gists/6b9bae1310f2ee6b47ba3663bdcb1ded/snippet.py,0,False,59.4,failed,
6bb9ddb5d904b7275c62,/gists/6bb9ddb5d904b7275c62/snippet.py,0,False,63.9,failed,
6c168b0c36ca3b23cacc,/gists/6c168b0c36ca3b23cacc/snippet.py,0,False,82.8,failed,
6c78e65f4b78adfa3766,/gists/6c78e65f4b78adfa3766/snippet.py,0,True,0,skipped,
6ca93b8309f05055c6a3,/gists/6ca93b8309f05055c6a3/snippet.py,0,True,0,skipped,
6cd16631253eed21f37f,/gists/6cd16631253eed21f37f/snippet.py,0,False,69.5,failed,
6d459a8c2ae945808d69,/gists/6d459a8c2ae945808d69/snippet.py,0,False,77.9,failed,
6d6bb834d48b9664b38d,/gists/6d6bb834d48b9664b38d/snippet.py,0,True,0,skipped,
6d7c78ea329d4e9e1217,/gists/6d7c78ea329d4e9e1217/snippet.py,0,True,0,skipped,
6d94b7d06f7ed9d8bfc4985b094bf6d4,/gists/6d94b7d06f7ed9d8bfc4985b094bf6d4/snippet.py,0,True,0,skipped,
6da9a7c1e03912fde62e,/gists/6da9a7c1e03912fde62e/snippet.py,0,False,15.7,failed,
6e1016cc188104d123676ccef3264981,/gists/6e1016cc188104d123676ccef3264981/snippet.py,0,False,330.5,failed,
6e20dba959277bd9af77,/gists/6e20dba959277bd9af77/snippet.py,0,False,48.0,failed,
6e41e8512c17eae5da50aebef3378a4c,/gists/6e41e8512c17eae5da50aebef3378a4c/snippet.py,0,True,0,skipped,
6e56d947ceaacdebb7fd3a88ed89cb6c,/gists/6e56d947ceaacdebb7fd3a88ed89cb6c/snippet.py,0,False,79.3,failed,
6f490f3a0e082ae6592a630bd7abe588,/gists/6f490f3a0e082ae6592a630bd7abe588/snippet.py,0,False,59.6,failed,
6ffa8fb7756c16798b2a,/gists/6ffa8fb7756c16798b2a/snippet.py,0,False,224.9,failed,
7002279,/gists/7002279/snippet.py,0,False,46.7,failed,
7002396,/gists/7002396/snippet.py,0,True,0,skipped,
7003083,/gists/7003083/snippet.py,0,True,0,skipped,
700554,/gists/700554/snippet.py,0,True,0,skipped,
701416,/gists/701416/snippet.py,0,False,140.1,failed,
7015554,/gists/7015554/snippet.py,0,True,0,skipped,
701904,/gists/701904/snippet.py,0,True,0,skipped,
7019296a9a9ad74e44f0,/gists/7019296a9a9ad74e44f0/snippet.py,0,False,410.0,failed,
7020937,/gists/7020937/snippet.py,0,False,474.5,failed,
7025496,/gists/7025496/snippet.py,0,True,0,skipped,
7026954,/gists/7026954/snippet.py,0,False,70.1,failed,
702a848ba0a7a64b139985f5cad885f0,/gists/702a848ba0a7a64b139985f5cad885f0/snippet.py,0,False,72.6,failed,
702d05be879fa5a23d2b,/gists/702d05be879fa5a23d2b/snippet.py,0,True,0,skipped,
7030355,/gists/7030355/snippet.py,0,False,28.4,failed,
704add465613d5ca0d53,/gists/704add465613d5ca0d53/snippet.py,0,False,68.9,failed,
706573,/gists/706573/snippet.py,0,False,189.1,failed,
7065820,/gists/7065820/snippet.py,0,True,0,skipped,
7079332cab038da1394d,/gists/7079332cab038da1394d/snippet.py,0,True,0,skipped,
7088662,/gists/7088662/snippet.py,0,False,13.4,failed,
7091940,/gists/7091940/snippet.py,0,True,0,skipped,
709384,/gists/709384/snippet.py,0,True,0,skipped,
709890,/gists/709890/snippet.py,0,True,0,skipped,
70df4922fec74ea87405b83840b45d57,/gists/70df4922fec74ea87405b83840b45d57/snippet.py,0,True,0,skipped,
70e5fefe128214b7d2a1,/gists/70e5fefe128214b7d2a1/snippet.py,0,True,0,skipped,
70ed63ee8992c401a9dd,/gists/70ed63ee8992c401a9dd/snippet.py,0,False,46.3,failed,
7103585,/gists/7103585/snippet.py,0,False,178.7,failed,
710480,/gists/710480/snippet.py,0,True,0,skipped,
71152286b0a8826249fe,/gists/71152286b0a8826249fe/snippet.py,0,False,127.7,failed,
712c270355b6c2642600,/gists/712c270355b6c2642600/snippet.py,0,False,132.8,failed,
7131838,/gists/7131838/snippet.py,0,True,0,skipped,
7131909,/gists/7131909/snippet.py,0,True,0,skipped,
715284,/gists/715284/snippet.py,0,False,76.0,failed,
7157510,/gists/7157510/snippet.py,0,False,42.8,failed,
716261,/gists/716261/snippet.py,0,False,55.1,failed,
7183354,/gists/7183354/snippet.py,0,False,143.3,failed,
7191601fd58bb37a9efd,/gists/7191601fd58bb37a9efd/snippet.py,0,True,0,skipped,
719502,/gists/719502/snippet.py,0,True,0,skipped,
719fc5e3a21dd2779d9fe69bf41e6ba6,/gists/719fc5e3a21dd2779d9fe69bf41e6ba6/snippet.py,0,True,0,skipped,
71b14c4beab12998b6d1,/gists/71b14c4beab12998b6d1/snippet.py,0,True,0,skipped,
71eda2aab0ee32d19b01,/gists/71eda2aab0ee32d19b01/snippet.py,0,True,0,skipped,
7226559,/gists/7226559/snippet.py,0,False,3.1,failed,
7228939,/gists/7228939/snippet.py,0,True,0,skipped,
7230348,/gists/7230348/snippet.py,0,True,0,skipped,
7234995,/gists/7234995/snippet.py,0,True,0,skipped,
7236266,/gists/7236266/snippet.py,0,False,78.5,failed,
723736,/gists/723736/snippet.py,0,False,84.1,failed,
723a39071659bb763cff,/gists/723a39071659bb763cff/snippet.py,0,True,0,skipped,
7247d72f97e6bfbf97809da5922f0e14,/gists/7247d72f97e6bfbf97809da5922f0e14/snippet.py,0,False,250.3,failed,
7270594,/gists/7270594/snippet.py,0,True,0,skipped,
7275456,/gists/7275456/snippet.py,0,False,97.1,failed,
7282002,/gists/7282002/snippet.py,0,True,0,skipped,
7282822,/gists/7282822/snippet.py,0,True,0,skipped,
7285154,/gists/7285154/snippet.py,0,True,0,skipped,
72b2f24b6d2ff6ffde1597f1ca2dea3f,/gists/72b2f24b6d2ff6ffde1597f1ca2dea3f/snippet.py,0,False,3.3,failed,
72c7938230537b4f8a4c,/gists/72c7938230537b4f8a4c/snippet.py,0,False,13.3,failed,
72e709ba8a3a7c6affa1,/gists/72e709ba8a3a7c6affa1/snippet.py,0,False,85.4,failed,
72e72417af260ac17bb0d878e9ea1f52,/gists/72e72417af260ac17bb0d878e9ea1f52/snippet.py,0,True,0,skipped,
7301722,/gists/7301722/snippet.py,0,True,0,skipped,
7304099,/gists/7304099/snippet.py,0,True,0,skipped,
730765,/gists/730765/snippet.py,0,True,0,skipped,
7310160,/gists/7310160/snippet.py,0,False,160.6,failed,
732873,/gists/732873/snippet.py,0,True,0,skipped,
7344542,/gists/7344542/snippet.py,0,True,0,skipped,
735379e9c853171713ca,/gists/735379e9c853171713ca/snippet.py,0,True,0,skipped,
735556,/gists/735556/snippet.py,0,True,0,skipped,
7365980,/gists/7365980/snippet.py,0,False,271.1,failed,
736778,/gists/736778/snippet.py,0,True,0,skipped,
738156,/gists/738156/snippet.py,0,True,0,skipped,
738fa2eedd9666b78404ed1751336f56,/gists/738fa2eedd9666b78404ed1751336f56/snippet.py,0,True,0,skipped,
7398239,/gists/7398239/snippet.py,0,True,0,skipped,
73a523f0cdbc978c148d1cd9e9d5f0be,/gists/73a523f0cdbc978c148d1cd9e9d5f0be/snippet.py,0,False,819.8,failed,
73c9565719d124af64ff,/gists/73c9565719d124af64ff/snippet.py,0,True,0,skipped,
73efaccda6025883fc66,/gists/73efaccda6025883fc66/snippet.py,0,True,0,skipped,
742160,/gists/742160/snippet.py,0,True,0,skipped,
7428185,/gists/7428185/snippet.py,0,True,0,skipped,
7434f7431d1cc0350dbe,/gists/7434f7431d1cc0350dbe/snippet.py,0,False,6.7,failed,
7443646,/gists/7443646/snippet.py,0,False,17.1,failed,
744413,/gists/744413/snippet.py,0,True,0,skipped,
744700,/gists/744700/snippet.py,0,True,0,skipped,
7447067,/gists/7447067/snippet.py,0,False,69.8,failed,
745868fb26102298e837,/gists/745868fb26102298e837/snippet.py,0,True,0,skipped,
7466823,/gists/7466823/snippet.py,0,False,39.4,failed,
748cda36befe17fd1cb0,/gists/748cda36befe17fd1cb0/snippet.py,0,True,0,skipped,
7495576,/gists/7495576/snippet.py,0,False,286.2,failed,
749788,/gists/749788/snippet.py,0,False,27.3,failed,
749857,/gists/749857/snippet.py,0,True,0,skipped,
74e556cd8a7814a5270079f94950957f,/gists/74e556cd8a7814a5270079f94950957f/snippet.py,0,False,91.5,failed,
7521277,/gists/7521277/snippet.py,0,True,0,skipped,
7524815,/gists/7524815/snippet.py,0,True,0,skipped,
7535869,/gists/7535869/snippet.py,0,True,0,skipped,
7540117,/gists/7540117/snippet.py,0,False,525.8,failed,
754329,/gists/754329/snippet.py,0,True,0,skipped,
7543724,/gists/7543724/snippet.py,0,True,0,skipped,
75483d51641a0c03bf7c,/gists/75483d51641a0c03bf7c/snippet.py,0,True,0,skipped,
7551089,/gists/7551089/snippet.py,0,False,51.3,failed,
755524,/gists/755524/snippet.py,0,True,0,skipped,
756b1d8df2d1487497d29b90e81f8068,/gists/756b1d8df2d1487497d29b90e81f8068/snippet.py,0,True,0,skipped,
756c86fdad219867c0f4,/gists/756c86fdad219867c0f4/snippet.py,0,True,0,skipped,
7571752,/gists/7571752/snippet.py,0,False,67.4,failed,
757191,/gists/757191/snippet.py,0,False,26.4,failed,
7578539,/gists/7578539/snippet.py,0,False,60.3,failed,
7622246,/gists/7622246/snippet.py,0,False,112.4,failed,
7634c596fe7669a54321,/gists/7634c596fe7669a54321/snippet.py,0,True,0,skipped,
7639387,/gists/7639387/snippet.py,0,False,115.1,failed,
764262,/gists/764262/snippet.py,0,False,80.5,failed,
764746,/gists/764746/snippet.py,0,True,0,skipped,
7652081,/gists/7652081/snippet.py,0,False,31.9,failed,
7653403,/gists/7653403/snippet.py,0,True,0,skipped,
7669374,/gists/7669374/snippet.py,0,False,97.0,failed,
7671688,/gists/7671688/snippet.py,0,False,8.8,failed,
7680498,/gists/7680498/snippet.py,0,False,1079.9,failed,
7681066,/gists/7681066/snippet.py,0,True,0,skipped,
76877c8f262de24becc081ad96759730,/gists/76877c8f262de24becc081ad96759730/snippet.py,0,True,0,skipped,
7689218,/gists/7689218/snippet.py,0,True,0,skipped,
7692685,/gists/7692685/snippet.py,0,True,0,skipped,
769687,/gists/769687/snippet.py,0,True,0,skipped,
7698491,/gists/7698491/snippet.py,0,False,104.6,failed,
76fa64ee8380763871ab,/gists/76fa64ee8380763871ab/snippet.py,0,False,196.9,failed,
7703144,/gists/7703144/snippet.py,0,True,0,skipped,
7704036,/gists/7704036/snippet.py,0,True,0,skipped,
7704845,/gists/7704845/snippet.py,0,False,7.3,failed,
771052,/gists/771052/snippet.py,0,True,0,skipped,
771426542eb36afeb56ce8b163560a4c,/gists/771426542eb36afeb56ce8b163560a4c/snippet.py,0,False,80.8,failed,
7716005,/gists/7716005/snippet.py,0,True,0,skipped,
7719245,/gists/7719245/snippet.py,0,False,65.0,failed,
7719991351343a92aa7b654d2b36c8db,/gists/7719991351343a92aa7b654d2b36c8db/snippet.py,0,False,96.3,failed,
771dabe22b34d59728bddcf87b26cf54,/gists/771dabe22b34d59728bddcf87b26cf54/snippet.py,0,True,0,skipped,
7720207,/gists/7720207/snippet.py,0,True,0,skipped,
7752095,/gists/7752095/snippet.py,0,False,46.5,failed,
777789,/gists/777789/snippet.py,0,False,113.7,failed,
778260a1f0553575be99,/gists/778260a1f0553575be99/snippet.py,0,False,23.0,failed,
7785749,/gists/7785749/snippet.py,0,False,52.9,failed,
7793e2058c5c9dacb5212c0ac0b18a8a,/gists/7793e2058c5c9dacb5212c0ac0b18a8a/snippet.py,0,True,0,skipped,
77a1a4d5506258f3dc1f,/gists/77a1a4d5506258f3dc1f/snippet.py,0,False,118.7,failed,
77a4640bb5fcd1e7f038,/gists/77a4640bb5fcd1e7f038/snippet.py,0,False,22.6,failed,
77d02d8f2f09e27de08b,/gists/77d02d8f2f09e27de08b/snippet.py,0,False,34.9,failed,
780003,/gists/780003/snippet.py,0,False,20.8,failed,
780263,/gists/780263/snippet.py,0,True,0,skipped,
780379,/gists/780379/snippet.py,0,False,3.0,failed,
7804540,/gists/7804540/snippet.py,0,True,0,skipped,
7805193,/gists/7805193/snippet.py,0,True,0,skipped,
7808564,/gists/7808564/snippet.py,0,False,3.1,failed,
7812916,/gists/7812916/snippet.py,0,False,35.2,failed,
781411170d36adb3197cba86b8653136,/gists/781411170d36adb3197cba86b8653136/snippet.py,0,False,41.8,failed,
7814472,/gists/7814472/snippet.py,0,True,0,skipped,
781740,/gists/781740/snippet.py,0,True,0,skipped,
7820246,/gists/7820246/snippet.py,0,True,0,skipped,
783810,/gists/783810/snippet.py,0,True,0,skipped,
783993,/gists/783993/snippet.py,0,True,0,skipped,
7854404,/gists/7854404/snippet.py,0,True,0,skipped,
7870550,/gists/7870550/snippet.py,0,False,46.6,failed,
7872ef0d472a1a2c037736af21b30cfe,/gists/7872ef0d472a1a2c037736af21b30cfe/snippet.py,0,True,476.4,solved,
7880c101557297beeccda05978aeb278,/gists/7880c101557297beeccda05978aeb278/snippet.py,0,False,498.7,failed,
78e41a5065136e41bccbffdaab108492,/gists/78e41a5065136e41bccbffdaab108492/snippet.py,0,False,95.9,failed,
790687,/gists/790687/snippet.py,0,False,8.6,failed,
790721,/gists/790721/snippet.py,0,True,0,skipped,
7923781,/gists/7923781/snippet.py,0,False,53.2,failed,
792634,/gists/792634/snippet.py,0,True,0,skipped,
793f7ddfc2393ffd0418,/gists/793f7ddfc2393ffd0418/snippet.py,0,False,19.9,failed,
79405fa0f930e41544b584c4d7864611,/gists/79405fa0f930e41544b584c4d7864611/snippet.py,0,False,24.1,failed,
794424,/gists/794424/snippet.py,0,True,0,skipped,
7946246,/gists/7946246/snippet.py,0,True,0,skipped,
7946961,/gists/7946961/snippet.py,0,True,0,skipped,
7948151,/gists/7948151/snippet.py,0,True,0,skipped,
795180,/gists/795180/snippet.py,0,True,0,skipped,
7955963,/gists/7955963/snippet.py,0,False,366.2,failed,
7956216,/gists/7956216/snippet.py,0,False,138.5,failed,
795cc1fd6d0c9069b20204cbd133e36b,/gists/795cc1fd6d0c9069b20204cbd133e36b/snippet.py,0,True,0,skipped,
7964172,/gists/7964172/snippet.py,0,True,0,skipped,
7977492,/gists/7977492/snippet.py,0,False,428.6,failed,
7977513,/gists/7977513/snippet.py,0,False,386.1,failed,
79b418a25b374804701069f31b39606c,/gists/79b418a25b374804701069f31b39606c/snippet.py,0,True,0,skipped,
79d38da49cb4f4a511d74d780e53743a,/gists/79d38da49cb4f4a511d74d780e53743a/snippet.py,0,True,137.5,solved,
79f9bfb5a7e767b4b756ff1c7dc04eaa,/gists/79f9bfb5a7e767b4b756ff1c7dc04eaa/snippet.py,0,True,0,skipped,
7a3fc9739b7778f6673a458605e18963,/gists/7a3fc9739b7778f6673a458605e18963/snippet.py,0,True,0,skipped,
7a41da7aabb8455d0898db362335e139,/gists/7a41da7aabb8455d0898db362335e139/snippet.py,0,True,0,skipped,
7a56a1253355c0f4442d,/gists/7a56a1253355c0f4442d/snippet.py,0,False,11.9,failed,
7a9e046470dcf05420d4cdc2b2defd79,/gists/7a9e046470dcf05420d4cdc2b2defd79/snippet.py,0,False,48.0,failed,
7ad3a91b1b49fe2682d7,/gists/7ad3a91b1b49fe2682d7/snippet.py,0,False,31.8,failed,
7adc87d2c4fde941cea6,/gists/7adc87d2c4fde941cea6/snippet.py,0,False,71.6,failed,
7ade9bbe4cb46e3cc1b8,/gists/7ade9bbe4cb46e3cc1b8/snippet.py,0,False,31.4,failed,
7aea60f80f6aa9b79cc9509b633557c9,/gists/7aea60f80f6aa9b79cc9509b633557c9/snippet.py,0,True,0,skipped,
7b2161871953f0c12615,/gists/7b2161871953f0c12615/snippet.py,0,True,0,skipped,
7b4a8e2f1fbfd70b4aaea5d205cb35eb,/gists/7b4a8e2f1fbfd70b4aaea5d205cb35eb/snippet.py,0,False,34.9,failed,
7b64238424175742a8a1,/gists/7b64238424175742a8a1/snippet.py,0,True,0,skipped,
7b75093ec0d5ecc8d95e,/gists/7b75093ec0d5ecc8d95e/snippet.py,0,True,0,skipped,
7b96bba85ed81aba864a,/gists/7b96bba85ed81aba864a/snippet.py,0,False,60.2,failed,
7bd4e4bd0a00ac9076986148afc06507,/gists/7bd4e4bd0a00ac9076986148afc06507/snippet.py,0,True,0,skipped,
7c18bf7ac5fd4d26cbce,/gists/7c18bf7ac5fd4d26cbce/snippet.py,0,True,0,skipped,
7c24802dd9c5e15870b4b56e22135c96,/gists/7c24802dd9c5e15870b4b56e22135c96/snippet.py,0,True,0,skipped,
7c2ec1cd01ada79b45fc9a6323934181,/gists/7c2ec1cd01ada79b45fc9a6323934181/snippet.py,0,True,0,skipped,
7c3070bc1c2766633b8ff1d4d51089cf,/gists/7c3070bc1c2766633b8ff1d4d51089cf/snippet.py,0,False,71.2,failed,
7c395aa3634b2f2a0cb4,/gists/7c395aa3634b2f2a0cb4/snippet.py,0,True,0,skipped,
7c3d01ad13b0e7e5985a,/gists/7c3d01ad13b0e7e5985a/snippet.py,0,True,0,skipped,
7c87c10921f0ed0c4f7641b4e14f2071,/gists/7c87c10921f0ed0c4f7641b4e14f2071/snippet.py,-1,False,1200.0,timeout,Exceeded 1200s timeout
7ccd43b1f2f79f1bb23c70920f75cec4,/gists/7ccd43b1f2f79f1bb23c70920f75cec4/snippet.py,0,False,55.0,failed,
7cd166e311992a828675,/gists/7cd166e311992a828675/snippet.py,0,True,0,skipped,
7ceb3e7ef239e282a9d2,/gists/7ceb3e7ef239e282a9d2/snippet.py,0,False,82.0,failed,
7dc87b8d1dc16b025e7019113cc2de93,/gists/7dc87b8d1dc16b025e7019113cc2de93/snippet.py,0,True,0,skipped,
7e173302952b210aeaf3,/gists/7e173302952b210aeaf3/snippet.py,0,False,13.0,failed,
7e3d537b94c30c782d1b50b712ea79a6,/gists/7e3d537b94c30c782d1b50b712ea79a6/snippet.py,0,False,56.3,failed,
7e9499ba7e436535fd94,/gists/7e9499ba7e436535fd94/snippet.py,0,True,0,skipped,
7eb39b44eb9e16e59632d25fb3119975,/gists/7eb39b44eb9e16e59632d25fb3119975/snippet.py,0,True,0,skipped,
7ec5bf797308279dc587,/gists/7ec5bf797308279dc587/snippet.py,0,True,0,skipped,
7eca8b9f0ff5b3bfb742,/gists/7eca8b9f0ff5b3bfb742/snippet.py,0,True,0,skipped,
7ef2ef722e4520fba09c9f4d83ecc453,/gists/7ef2ef722e4520fba09c9f4d83ecc453/snippet.py,0,True,0,skipped,
7f1737a750d8246d325e,/gists/7f1737a750d8246d325e/snippet.py,0,True,0,skipped,
7f3ab982eb65900c5159,/gists/7f3ab982eb65900c5159/snippet.py,0,False,43.4,failed,
7f46e790c9e342d75dcbd9b1deb9d940,/gists/7f46e790c9e342d75dcbd9b1deb9d940/snippet.py,0,False,196.2,failed,
7f4e44a42b8e1f457f77,/gists/7f4e44a42b8e1f457f77/snippet.py,0,False,75.7,failed,
7f73238f55b7158b6852,/gists/7f73238f55b7158b6852/snippet.py,0,True,0,skipped,
7f79c85c8883268660bd,/gists/7f79c85c8883268660bd/snippet.py,0,False,191.9,failed,
7f9422fc8372b7c4b1a2,/gists/7f9422fc8372b7c4b1a2/snippet.py,0,False,297.9,failed,
7fd265e5419efe71477ca560801d0130,/gists/7fd265e5419efe71477ca560801d0130/snippet.py,0,False,233.3,failed,
7fd4c975883074a99864,/gists/7fd4c975883074a99864/snippet.py,0,False,205.9,failed,
801265,/gists/801265/snippet.py,0,False,27.6,failed,
8020379,/gists/8020379/snippet.py,0,True,0,skipped,
8035611,/gists/8035611/snippet.py,0,True,0,skipped,
8036995,/gists/8036995/snippet.py,0,True,0,skipped,
8054226,/gists/8054226/snippet.py,0,True,0,skipped,
805439,/gists/805439/snippet.py,0,False,416.2,failed,
8067e173121625e79498,/gists/8067e173121625e79498/snippet.py,0,True,0,skipped,
8069261,/gists/8069261/snippet.py,0,False,71.3,failed,
8074321,/gists/8074321/snippet.py,0,True,0,skipped,
8086892,/gists/8086892/snippet.py,0,True,0,skipped,
809420,/gists/809420/snippet.py,0,True,0,skipped,
8096192,/gists/8096192/snippet.py,0,False,172.4,failed,
809693,/gists/809693/snippet.py,0,False,79.8,failed,
809867d7110acbde87af,/gists/809867d7110acbde87af/snippet.py,0,False,79.5,failed,
809993,/gists/809993/snippet.py,0,False,77.7,failed,
80b4b93baa5b33ed25e1823d3494f0a8,/gists/80b4b93baa5b33ed25e1823d3494f0a8/snippet.py,0,True,0,skipped,
8112114,/gists/8112114/snippet.py,0,False,84.0,failed,
81299cd171a60a071343,/gists/81299cd171a60a071343/snippet.py,0,True,0,skipped,
813813,/gists/813813/snippet.py,0,False,241.1,failed,
814599,/gists/814599/snippet.py,0,True,0,skipped,
8149412,/gists/8149412/snippet.py,0,True,0,skipped,
816134462577399ee8b2,/gists/816134462577399ee8b2/snippet.py,0,True,0,skipped,
81635e6cbc933b7e8862,/gists/81635e6cbc933b7e8862/snippet.py,0,False,39.9,failed,
816927d8d8d2d7d8afb0,/gists/816927d8d8d2d7d8afb0/snippet.py,0,True,0,skipped,
8169809,/gists/8169809/snippet.py,0,True,0,skipped,
8171599,/gists/8171599/snippet.py,0,False,50.6,failed,
8172807,/gists/8172807/snippet.py,0,False,10.4,failed,
8179471,/gists/8179471/snippet.py,0,True,0,skipped,
817977,/gists/817977/snippet.py,0,False,86.8,failed,
817a70706587da3bd862835c59ef584e,/gists/817a70706587da3bd862835c59ef584e/snippet.py,0,True,0,skipped,
8183993,/gists/8183993/snippet.py,0,True,0,skipped,
8184301,/gists/8184301/snippet.py,0,False,65.2,failed,
8185b3dcf08ec728fb22b99016dd533f,/gists/8185b3dcf08ec728fb22b99016dd533f/snippet.py,0,True,283.0,solved,
8209b67ff556cb18651d,/gists/8209b67ff556cb18651d/snippet.py,0,False,99.5,failed,
821473a1596f1429024cb1eadb471927,/gists/821473a1596f1429024cb1eadb471927/snippet.py,0,False,8.9,failed,
8219574,/gists/8219574/snippet.py,0,False,112.8,failed,
822643,/gists/822643/snippet.py,0,True,0,skipped,
8232376,/gists/8232376/snippet.py,0,True,0,skipped,
824628,/gists/824628/snippet.py,0,False,110.1,failed,
8248457,/gists/8248457/snippet.py,0,True,0,skipped,
8249238,/gists/8249238/snippet.py,0,False,475.4,failed,
8249328,/gists/8249328/snippet.py,0,True,0,skipped,
825970,/gists/825970/snippet.py,0,False,46.6,failed,
826218,/gists/826218/snippet.py,0,False,75.2,failed,
8263132,/gists/8263132/snippet.py,0,False,168.6,failed,
827988,/gists/827988/snippet.py,0,True,0,skipped,
828099,/gists/828099/snippet.py,0,True,0,skipped,
8285428,/gists/8285428/snippet.py,0,True,0,skipped,
8289612,/gists/8289612/snippet.py,0,False,35.4,failed,
82d3bb091d45b59c1d7674727b1292a7,/gists/82d3bb091d45b59c1d7674727b1292a7/snippet.py,0,False,46.9,failed,
82f7b21509a69a0d70e18f2e4ddf5ed9,/gists/82f7b21509a69a0d70e18f2e4ddf5ed9/snippet.py,0,False,6.5,failed,
831611,/gists/831611/snippet.py,0,False,10.3,failed,
8321212,/gists/8321212/snippet.py,0,True,0,skipped,
833151,/gists/833151/snippet.py,0,True,0,skipped,
8336771,/gists/8336771/snippet.py,0,False,31.6,failed,
835062,/gists/835062/snippet.py,0,False,40.3,failed,
835821d98f325225e81352ea828cf521,/gists/835821d98f325225e81352ea828cf521/snippet.py,0,True,0,skipped,
835979,/gists/835979/snippet.py,0,False,40.8,failed,
835cda68ddd9c5416defce876a4d7dd9,/gists/835cda68ddd9c5416defce876a4d7dd9/snippet.py,0,False,23.3,failed,
8364262,/gists/8364262/snippet.py,0,True,0,skipped,
8372494,/gists/8372494/snippet.py,0,False,26.8,failed,
837538,/gists/837538/snippet.py,0,True,0,skipped,
8378209d6cf5f073087b3c2b9814acec,/gists/8378209d6cf5f073087b3c2b9814acec/snippet.py,0,True,65.0,solved,
8383050,/gists/8383050/snippet.py,0,False,32.7,failed,
839f6a3534002a6a29d819666a28bf5e,/gists/839f6a3534002a6a29d819666a28bf5e/snippet.py,0,True,0,skipped,
83a39d9328788372677a,/gists/83a39d9328788372677a/snippet.py,0,False,225.9,failed,
83b56c3e76c28f88e9ea,/gists/83b56c3e76c28f88e9ea/snippet.py,0,False,222.1,failed,
83e4136803ca67b4955a,/gists/83e4136803ca67b4955a/snippet.py,0,False,115.8,failed,
83f3cd8f44208a1856ce,/gists/83f3cd8f44208a1856ce/snippet.py,0,True,0,skipped,
83ff717d87c2559cc6e3,/gists/83ff717d87c2559cc6e3/snippet.py,0,False,17.3,failed,
8403108,/gists/8403108/snippet.py,0,False,97.8,failed,
8406352,/gists/8406352/snippet.py,0,False,48.3,failed,
841006,/gists/841006/snippet.py,0,True,0,skipped,
8412843,/gists/8412843/snippet.py,0,True,0,skipped,
8414494,/gists/8414494/snippet.py,0,False,147.5,failed,
8420193,/gists/8420193/snippet.py,0,False,41.3,failed,
8427853,/gists/8427853/snippet.py,0,False,16.3,failed,
8428798,/gists/8428798/snippet.py,0,True,0,skipped,
844388,/gists/844388/snippet.py,0,True,0,skipped,
8444323,/gists/8444323/snippet.py,0,True,26.0,solved,
8447221,/gists/8447221/snippet.py,0,True,0,skipped,
844aab52fcff6b1c652a,/gists/844aab52fcff6b1c652a/snippet.py,0,False,54.6,failed,
8450931,/gists/8450931/snippet.py,0,True,0,skipped,
8458501,/gists/8458501/snippet.py,0,False,99.1,failed,
8460004,/gists/8460004/snippet.py,0,False,96.3,failed,
8464000,/gists/8464000/snippet.py,0,False,47.9,failed,
846545,/gists/846545/snippet.py,0,True,0,skipped,
8470123,/gists/8470123/snippet.py,0,True,0,skipped,
8477219,/gists/8477219/snippet.py,0,True,0,skipped,
8481824,/gists/8481824/snippet.py,0,False,40.2,failed,
848913,/gists/848913/snippet.py,0,True,0,skipped,
8497c831c0a37ec4060b,/gists/8497c831c0a37ec4060b/snippet.py,0,False,284.2,failed,
850437,/gists/850437/snippet.py,0,False,73.8,failed,
85098ded28a6e472fa7d4c5b0afd5d3e,/gists/85098ded28a6e472fa7d4c5b0afd5d3e/snippet.py,0,False,440.6,failed,
850ab7372d51005fdfd7,/gists/850ab7372d51005fdfd7/snippet.py,0,True,76.7,solved,
8513270,/gists/8513270/snippet.py,0,False,62.5,failed,
8543933,/gists/8543933/snippet.py,0,False,190.6,failed,
8555125,/gists/8555125/snippet.py,0,False,85.9,failed,
8555297,/gists/8555297/snippet.py,0,False,34.1,failed,
855680,/gists/855680/snippet.py,0,False,29.9,failed,
8577232,/gists/8577232/snippet.py,0,False,68.9,failed,
8585400,/gists/8585400/snippet.py,0,False,19.3,failed,
8588668,/gists/8588668/snippet.py,0,True,0,skipped,
859473,/gists/859473/snippet.py,0,True,0,skipped,
85a3eab09fefbb3bee5d,/gists/85a3eab09fefbb3bee5d/snippet.py,0,False,63.6,failed,
85ab1cfc3f733165e4b9,/gists/85ab1cfc3f733165e4b9/snippet.py,0,True,210.5,solved,
85c2ea78ba8de11cdaa14c75e740d633,/gists/85c2ea78ba8de11cdaa14c75e740d633/snippet.py,0,True,0,skipped,
8601bfad4ad512ff9d6d46d1ba0fbcca,/gists/8601bfad4ad512ff9d6d46d1ba0fbcca/snippet.py,0,True,187.3,solved,
8616550,/gists/8616550/snippet.py,0,True,0,skipped,
8617378,/gists/8617378/snippet.py,0,True,0,skipped,
8621775,/gists/8621775/snippet.py,0,False,164.7,failed,
8638475,/gists/8638475/snippet.py,0,False,71.1,failed,
8659759,/gists/8659759/snippet.py,0,True,0,skipped,
8662660,/gists/8662660/snippet.py,0,False,150.7,failed,
8663d3bbfd586bffecf6a0094cd116f2,/gists/8663d3bbfd586bffecf6a0094cd116f2/snippet.py,0,True,55.0,solved,
8664457,/gists/8664457/snippet.py,0,False,369.9,failed,
8668000,/gists/8668000/snippet.py,0,True,44.2,solved,
867589,/gists/867589/snippet.py,0,True,391.4,solved,
867684,/gists/867684/snippet.py,0,True,372.4,solved,
8678538,/gists/8678538/snippet.py,0,False,44.3,failed,
8683457,/gists/8683457/snippet.py,0,False,289.2,failed,
8684968ebacb5522c86a,/gists/8684968ebacb5522c86a/snippet.py,0,True,24.7,solved,
868b1057d9c0b72a57b809a67ad6e4cc,/gists/868b1057d9c0b72a57b809a67ad6e4cc/snippet.py,0,False,369.1,failed,
8691435,/gists/8691435/snippet.py,0,False,332.8,failed,
86b60a7723b97da19f7bfa3cb7d2690e,/gists/86b60a7723b97da19f7bfa3cb7d2690e/snippet.py,0,True,35.0,solved,
86b74ae47719a27bbb25,/gists/86b74ae47719a27bbb25/snippet.py,0,False,141.6,failed,
8715089,/gists/8715089/snippet.py,0,True,25.7,solved,
871567,/gists/871567/snippet.py,0,False,24.4,failed,
872145,/gists/872145/snippet.py,0,True,16.1,solved,
8722026,/gists/8722026/snippet.py,0,True,11.8,solved,
8736338,/gists/8736338/snippet.py,0,False,53.2,failed,
874808,/gists/874808/snippet.py,0,False,17.4,failed,
8752582,/gists/8752582/snippet.py,0,False,405.0,failed,
876324,/gists/876324/snippet.py,0,True,94.5,solved,
876425,/gists/876425/snippet.py,0,True,12.8,solved,
8792346,/gists/8792346/snippet.py,0,True,12.6,solved,
87e9a3e0539ce268222d1d597864c098,/gists/87e9a3e0539ce268222d1d597864c098/snippet.py,0,True,364.1,solved,
8803860,/gists/8803860/snippet.py,0,True,34.9,solved,
8807124,/gists/8807124/snippet.py,0,True,13.1,solved,
880901,/gists/880901/snippet.py,0,True,50.3,solved,
8814190,/gists/8814190/snippet.py,0,True,47.1,solved,
8818209,/gists/8818209/snippet.py,0,False,55.0,failed,
881cd3e0f8836121226a04efb9e2ae18,/gists/881cd3e0f8836121226a04efb9e2ae18/snippet.py,0,True,41.5,solved,
8831412,/gists/8831412/snippet.py,0,False,208.7,failed,
8832970,/gists/8832970/snippet.py,0,True,49.8,solved,
8838751,/gists/8838751/snippet.py,0,False,64.5,failed,
883b3b4a51b0db7d0e0d,/gists/883b3b4a51b0db7d0e0d/snippet.py,0,True,23.2,solved,
8846206,/gists/8846206/snippet.py,0,True,48.7,solved,
8851078,/gists/8851078/snippet.py,0,True,27.0,solved,
885932,/gists/885932/snippet.py,0,False,233.3,failed,
8866ff9fd30930c85779c821f277cf58,/gists/8866ff9fd30930c85779c821f277cf58/snippet.py,0,False,42.4,failed,
8877450,/gists/8877450/snippet.py,0,False,37.8,failed,
8883307,/gists/8883307/snippet.py,0,False,3.0,failed,
889692,/gists/889692/snippet.py,0,True,13.1,solved,
88d0ebab5ace81201f04,/gists/88d0ebab5ace81201f04/snippet.py,0,False,53.1,failed,
890640,/gists/890640/snippet.py,0,True,17.4,solved,
8907544,/gists/8907544/snippet.py,0,True,22.6,solved,
891080,/gists/891080/snippet.py,0,False,48.2,failed,
8916745,/gists/8916745/snippet.py,0,False,229.8,failed,
8917867,/gists/8917867/snippet.py,0,True,23.3,solved,
893580,/gists/893580/snippet.py,0,True,25.1,solved,
893b63390160e33ddb3c,/gists/893b63390160e33ddb3c/snippet.py,0,True,44.4,solved,
8949577,/gists/8949577/snippet.py,0,False,250.2,failed,
8951985,/gists/8951985/snippet.py,0,True,191.6,solved,
8957990,/gists/8957990/snippet.py,0,False,100.4,failed,
896603,/gists/896603/snippet.py,0,False,102.2,failed,
8969259,/gists/8969259/snippet.py,0,False,186.4,failed,
8973947,/gists/8973947/snippet.py,0,False,63.6,failed,
8974ac739d1ac9f60423,/gists/8974ac739d1ac9f60423/snippet.py,0,False,15.4,failed,
8982669,/gists/8982669/snippet.py,0,False,86.7,failed,
8983536,/gists/8983536/snippet.py,0,True,27.4,solved,
899524,/gists/899524/snippet.py,0,True,51.1,solved,
8a0f820261926e2f41cc,/gists/8a0f820261926e2f41cc/snippet.py,0,True,95.3,solved,
8a16c8e30c954aec014d,/gists/8a16c8e30c954aec014d/snippet.py,0,False,3.1,failed,
8a8095721ee81d49f16c,/gists/8a8095721ee81d49f16c/snippet.py,0,True,49.4,solved,
8abc96b010820970f304,/gists/8abc96b010820970f304/snippet.py,0,True,43.2,solved,
8abd37bf2d60cce6e01d,/gists/8abd37bf2d60cce6e01d/snippet.py,0,False,160.1,failed,
8abe1d2f62400f87958d,/gists/8abe1d2f62400f87958d/snippet.py,0,True,41.0,solved,
8ac8be9010ebfa59c599d7915e9a7a47,/gists/8ac8be9010ebfa59c599d7915e9a7a47/snippet.py,0,False,377.2,failed,
8ad859f30438f3be149fe9751391d037,/gists/8ad859f30438f3be149fe9751391d037/snippet.py,0,False,3.1,failed,
8af030b2dd654273c5bc,/gists/8af030b2dd654273c5bc/snippet.py,0,True,826.5,solved,
8b100c205b8c35b3c8ce,/gists/8b100c205b8c35b3c8ce/snippet.py,0,False,66.1,failed,
8b1502a49d8b20a6ae70,/gists/8b1502a49d8b20a6ae70/snippet.py,0,False,150.7,failed,
8b1b456ec95d95c77d42,/gists/8b1b456ec95d95c77d42/snippet.py,0,False,96.9,failed,
8b6f09310a847e0a7aed,/gists/8b6f09310a847e0a7aed/snippet.py,0,False,40.4,failed,
8b799c0345eaba56cc8c,/gists/8b799c0345eaba56cc8c/snippet.py,0,False,27.9,failed,
8bb867dc631433c01fd0,/gists/8bb867dc631433c01fd0/snippet.py,0,True,20.5,solved,
8bbcc202a915e965c6a6d4f561d0e482,/gists/8bbcc202a915e965c6a6d4f561d0e482/snippet.py,0,False,216.6,failed,
8bc573bb3a970b1c214d,/gists/8bc573bb3a970b1c214d/snippet.py,0,False,42.4,failed,
8be20f6256f9fd474c05,/gists/8be20f6256f9fd474c05/snippet.py,0,False,82.5,failed,
8bfa8e25f36e6f619247203d1bc0291b,/gists/8bfa8e25f36e6f619247203d1bc0291b/snippet.py,0,False,21.4,failed,
8c6446457bcabf6e8e868e8717426ff4,/gists/8c6446457bcabf6e8e868e8717426ff4/snippet.py,0,False,427.6,failed,
8c9644f9666d60cad37b,/gists/8c9644f9666d60cad37b/snippet.py,0,False,2.9,failed,
8cb3aa12e73a6df8d6b6,/gists/8cb3aa12e73a6df8d6b6/snippet.py,0,True,159.4,solved,
8ce64008710128f3a076,/gists/8ce64008710128f3a076/snippet.py,0,True,22.1,solved,
8cebde204781b7d27c90,/gists/8cebde204781b7d27c90/snippet.py,0,True,14.7,solved,
8d1a9b14d4e9a9080ab4752608c2de61,/gists/8d1a9b14d4e9a9080ab4752608c2de61/snippet.py,0,True,46.0,solved,
8d36bc7ab765ee601403e90d1d2f303f,/gists/8d36bc7ab765ee601403e90d1d2f303f/snippet.py,0,False,34.4,failed,
8e2cf809155062082c838f7346e45fe8,/gists/8e2cf809155062082c838f7346e45fe8/snippet.py,0,False,446.1,failed,
8e4b396a1c8a1f3f80d0,/gists/8e4b396a1c8a1f3f80d0/snippet.py,0,False,385.9,failed,
8e4bea946ab9c05347fe,/gists/8e4bea946ab9c05347fe/snippet.py,0,True,73.5,solved,
8e7ab6fe8ad6d903aa0c,/gists/8e7ab6fe8ad6d903aa0c/snippet.py,0,True,21.9,solved,
8eabf18a6a79f5dbe3f4,/gists/8eabf18a6a79f5dbe3f4/snippet.py,0,False,26.2,failed,
8f07d0bfadffd40fcf40cd49cb77382d,/gists/8f07d0bfadffd40fcf40cd49cb77382d/snippet.py,0,False,149.8,failed,
8f3b0a678011ac74c61b,/gists/8f3b0a678011ac74c61b/snippet.py,0,True,14.2,solved,
8f6667310a94f0c18bda10a1d5ff578c,/gists/8f6667310a94f0c18bda10a1d5ff578c/snippet.py,0,True,105.4,solved,
8f9980999ed43246b9b2,/gists/8f9980999ed43246b9b2/snippet.py,0,True,18.1,solved,
8fa6b37265d5394dd7a4,/gists/8fa6b37265d5394dd7a4/snippet.py,0,True,38.3,solved,
8fdb62f7094e6a9829f2,/gists/8fdb62f7094e6a9829f2/snippet.py,0,True,36.5,solved,
8ff161505721b6c4ab25ccfe7996fd1a,/gists/8ff161505721b6c4ab25ccfe7996fd1a/snippet.py,-1,False,1200.0,timeout,Exceeded 1200s timeout
8ff8e31ee1a2a9585a5a,/gists/8ff8e31ee1a2a9585a5a/snippet.py,0,True,28.4,solved,
9000222,/gists/9000222/snippet.py,0,False,56.0,failed,
900514,/gists/900514/snippet.py,0,False,238.7,failed,
9012444,/gists/9012444/snippet.py,0,False,523.6,failed,
9026148,/gists/9026148/snippet.py,0,True,339.5,solved,
9040475,/gists/9040475/snippet.py,0,True,67.1,solved,
905137,/gists/905137/snippet.py,0,False,104.8,failed,
905380,/gists/905380/snippet.py,0,False,3.4,failed,
9056ad6e642b814090829edffb4ffd27,/gists/9056ad6e642b814090829edffb4ffd27/snippet.py,0,False,202.8,failed,
9060558,/gists/9060558/snippet.py,0,False,169.7,failed,
9077495,/gists/9077495/snippet.py,0,False,133.5,failed,
9089444,/gists/9089444/snippet.py,0,True,118.9,solved,
908a8f99ea5c98cedb4aaf71c7a3324f,/gists/908a8f99ea5c98cedb4aaf71c7a3324f/snippet.py,0,False,724.7,failed,
908ef5f4fa162f15b3b8,/gists/908ef5f4fa162f15b3b8/snippet.py,0,True,34.5,solved,
9090456,/gists/9090456/snippet.py,0,True,79.8,solved,
9098744,/gists/9098744/snippet.py,0,True,17.6,solved,
90a6d0f6789e15c38e97,/gists/90a6d0f6789e15c38e97/snippet.py,0,True,536.8,solved,
90fe4a3bc0caa582fc563ec503e5444c,/gists/90fe4a3bc0caa582fc563ec503e5444c/snippet.py,0,True,255.7,solved,
910392,/gists/910392/snippet.py,0,True,47.9,solved,
910726,/gists/910726/snippet.py,0,True,41.2,solved,
9110299,/gists/9110299/snippet.py,0,False,98.7,failed,
9132441,/gists/9132441/snippet.py,0,True,12.0,solved,
91334d590b6592c0c960,/gists/91334d590b6592c0c960/snippet.py,0,True,37.7,solved,
915335,/gists/915335/snippet.py,0,False,40.9,failed,
9160719,/gists/9160719/snippet.py,0,True,18.7,solved,
918751,/gists/918751/snippet.py,0,True,34.7,solved,
918d4ad7c931bc14b475008c00aa09f1,/gists/918d4ad7c931bc14b475008c00aa09f1/snippet.py,0,True,520.2,solved,
9218791,/gists/9218791/snippet.py,0,True,78.9,solved,
9218f99ba35da225ca11,/gists/9218f99ba35da225ca11/snippet.py,0,True,10.0,solved,
9220847,/gists/9220847/snippet.py,0,False,3.3,failed,
9228580,/gists/9228580/snippet.py,0,False,99.3,failed,
922973,/gists/922973/snippet.py,0,True,52.4,solved,
925008,/gists/925008/snippet.py,0,False,56.2,failed,
925270,/gists/925270/snippet.py,0,True,13.3,solved,
9258971,/gists/9258971/snippet.py,0,True,35.5,solved,
9270848,/gists/9270848/snippet.py,0,True,28.0,solved,
92a2d05dd772778f86f2,/gists/92a2d05dd772778f86f2/snippet.py,0,False,115.1,failed,
92e65a8919b11d9310b32b194b09741c,/gists/92e65a8919b11d9310b32b194b09741c/snippet.py,0,True,67.6,solved,
9300560,/gists/9300560/snippet.py,0,False,61.9,failed,
9301467,/gists/9301467/snippet.py,0,True,51.8,solved,
930276,/gists/930276/snippet.py,0,False,2.9,failed,
931406,/gists/931406/snippet.py,0,True,20.9,solved,
9316552,/gists/9316552/snippet.py,0,False,178.9,failed,
931984,/gists/931984/snippet.py,0,True,14.0,solved,
931b0194242fca0e234e,/gists/931b0194242fca0e234e/snippet.py,0,False,21.5,failed,
932345,/gists/932345/snippet.py,0,True,14.8,solved,
9335869,/gists/9335869/snippet.py,0,True,15.2,solved,
9343730,/gists/9343730/snippet.py,0,True,22.4,solved,
9345872,/gists/9345872/snippet.py,0,False,76.6,failed,
934a8308a4ec09e2e0756a313a915622,/gists/934a8308a4ec09e2e0756a313a915622/snippet.py,0,True,46.6,solved,
9358479,/gists/9358479/snippet.py,0,False,314.6,failed,
9372073,/gists/9372073/snippet.py,0,False,27.8,failed,
937534,/gists/937534/snippet.py,0,True,43.7,solved,
9378601,/gists/9378601/snippet.py,0,False,75.8,failed,
939252,/gists/939252/snippet.py,0,True,15.0,solved,
9395cd6d36c7ac3be2d1,/gists/9395cd6d36c7ac3be2d1/snippet.py,0,True,72.1,solved,
9396204419c7b638d38f,/gists/9396204419c7b638d38f/snippet.py,0,True,27.0,solved,
9397410,/gists/9397410/snippet.py,0,False,81.5,failed,
93e0ba46f0fa6faf660d,/gists/93e0ba46f0fa6faf660d/snippet.py,0,False,44.4,failed,
944049,/gists/944049/snippet.py,0,False,438.5,failed,
94412c4808421acbd1d0,/gists/94412c4808421acbd1d0/snippet.py,0,True,53.9,solved,
944439a04546f4c02cb9,/gists/944439a04546f4c02cb9/snippet.py,0,True,81.4,solved,
94456,/gists/94456/snippet.py,0,True,10.0,solved,
945093,/gists/945093/snippet.py,0,False,24.6,failed,
946582,/gists/946582/snippet.py,0,False,91.3,failed,
946c4d9aa7a74828bc12,/gists/946c4d9aa7a74828bc12/snippet.py,0,True,87.4,solved,
9481236,/gists/9481236/snippet.py,0,False,97.2,failed,
9497761,/gists/9497761/snippet.py,0,False,29.8,failed,
949ba045d1471c03ae7c,/gists/949ba045d1471c03ae7c/snippet.py,0,True,623.1,solved,
94a400a7bce6f8cfc9e7eff87270c9e9,/gists/94a400a7bce6f8cfc9e7eff87270c9e9/snippet.py,0,False,70.9,failed,
94d747fe5180851196eb,/gists/94d747fe5180851196eb/snippet.py,0,True,31.5,solved,
94e623123f20566d158569a2ef3b25a2,/gists/94e623123f20566d158569a2ef3b25a2/snippet.py,0,False,24.7,failed,
9502024,/gists/9502024/snippet.py,0,True,248.7,solved,
9507070,/gists/9507070/snippet.py,0,False,579.1,failed,
950bbb9d9d4014d893e5,/gists/950bbb9d9d4014d893e5/snippet.py,0,False,33.2,failed,
9542707,/gists/9542707/snippet.py,0,True,10.9,solved,
9574251b3c7eefccd84fc38905110ce4,/gists/9574251b3c7eefccd84fc38905110ce4/snippet.py,0,True,46.7,solved,
95a2a749ceb47ad4eb1ff6d1f8d73c5c,/gists/95a2a749ceb47ad4eb1ff6d1f8d73c5c/snippet.py,0,True,35.0,solved,
95c61c9a1501ada2a6c5,/gists/95c61c9a1501ada2a6c5/snippet.py,0,True,48.2,solved,
95c66d564c58361ecf9f,/gists/95c66d564c58361ecf9f/snippet.py,0,True,35.7,solved,
95f97485ada5b47693ca,/gists/95f97485ada5b47693ca/snippet.py,0,False,70.6,failed,
964472,/gists/964472/snippet.py,0,True,26.5,solved,
964622,/gists/964622/snippet.py,0,True,19.8,solved,
9646279d220994222845,/gists/9646279d220994222845/snippet.py,0,True,59.5,solved,
9649532644540b5b798308f66699ef67,/gists/9649532644540b5b798308f66699ef67/snippet.py,0,False,37.7,failed,
9655195,/gists/9655195/snippet.py,0,False,94.7,failed,
966387,/gists/966387/snippet.py,0,False,163.0,failed,
9667052,/gists/9667052/snippet.py,0,True,47.4,solved,
9670681,/gists/9670681/snippet.py,0,True,13.3,solved,
967274,/gists/967274/snippet.py,0,False,63.4,failed,
9673839,/gists/9673839/snippet.py,0,True,95.7,solved,
9674216,/gists/9674216/snippet.py,0,True,57.0,solved,
9676416,/gists/9676416/snippet.py,0,True,29.1,solved,
9679647,/gists/9679647/snippet.py,0,True,94.5,solved,
9680901,/gists/9680901/snippet.py,0,True,37.0,solved,
9683c333e73a82379b8e377eb2e6fc41,/gists/9683c333e73a82379b8e377eb2e6fc41/snippet.py,0,False,3.4,failed,
968909,/gists/968909/snippet.py,0,False,60.8,failed,
969ea467e870b68963f3,/gists/969ea467e870b68963f3/snippet.py,0,False,71.5,failed,
96a329f6d12f17b4760373b1cf3b92e9,/gists/96a329f6d12f17b4760373b1cf3b92e9/snippet.py,0,True,11.1,solved,
96ec9b3c5df60a07b216,/gists/96ec9b3c5df60a07b216/snippet.py,0,False,62.1,failed,
9705471,/gists/9705471/snippet.py,0,False,77.0,failed,
9709984,/gists/9709984/snippet.py,0,True,12.7,solved,
9716578,/gists/9716578/snippet.py,0,False,300.0,failed,
9722045,/gists/9722045/snippet.py,0,True,12.5,solved,
97256,/gists/97256/snippet.py,0,False,3.7,failed,
9747287,/gists/9747287/snippet.py,0,False,128.3,failed,
9750796,/gists/9750796/snippet.py,0,True,58.0,solved,
9763549,/gists/9763549/snippet.py,0,False,72.1,failed,
9768713,/gists/9768713/snippet.py,0,False,10.2,failed,
9771f75e3f16ba5daafb,/gists/9771f75e3f16ba5daafb/snippet.py,0,True,14.4,solved,
9773143,/gists/9773143/snippet.py,0,False,83.1,failed,
977777,/gists/977777/snippet.py,0,True,29.8,solved,
9797a9ce8ad97de6e326afc7c9894965,/gists/9797a9ce8ad97de6e326afc7c9894965/snippet.py,0,False,3.4,failed,
97a1b2b7f954246886de,/gists/97a1b2b7f954246886de/snippet.py,0,True,20.3,solved,
97cffbea574a5890f0d7,/gists/97cffbea574a5890f0d7/snippet.py,0,True,16.2,solved,
97d0fb82c3894f56809a,/gists/97d0fb82c3894f56809a/snippet.py,0,True,16.8,solved,
9822570,/gists/9822570/snippet.py,0,True,193.2,solved,
982ce339d5f8c9a769a0,/gists/982ce339d5f8c9a769a0/snippet.py,0,True,50.2,solved,
9842903,/gists/9842903/snippet.py,0,True,11.7,solved,
984892,/gists/984892/snippet.py,0,True,11.5,solved,
985060,/gists/985060/snippet.py,0,False,112.7,failed,
9874480,/gists/9874480/snippet.py,0,True,47.4,solved,
9875439,/gists/9875439/snippet.py,0,True,36.1,solved,
9875468,/gists/9875468/snippet.py,0,True,32.2,solved,
989074,/gists/989074/snippet.py,0,False,123.1,failed,
98a38b54f889fce2b237,/gists/98a38b54f889fce2b237/snippet.py,0,False,32.6,failed,
98b4d7288a2ee7b1319a8ff71d3e2c7b,/gists/98b4d7288a2ee7b1319a8ff71d3e2c7b/snippet.py,0,True,244.7,solved,
98b59370a1d171817edb,/gists/98b59370a1d171817edb/snippet.py,0,True,20.9,solved,
98b7edca1b29c949fcf1,/gists/98b7edca1b29c949fcf1/snippet.py,0,True,25.0,solved,
98bb452dc14e8c40e403,/gists/98bb452dc14e8c40e403/snippet.py,0,False,47.2,failed,
9901745,/gists/9901745/snippet.py,0,False,2.9,failed,
990d3653c5803927cbb6,/gists/990d3653c5803927cbb6/snippet.py,0,True,18.1,solved,
9927923,/gists/9927923/snippet.py,0,True,81.0,solved,
994260,/gists/994260/snippet.py,0,True,14.5,solved,
99442e1294a6c83368f5,/gists/99442e1294a6c83368f5/snippet.py,0,True,10.6,solved,
9947556,/gists/9947556/snippet.py,0,True,25.9,solved,
9951701907ed328218dd,/gists/9951701907ed328218dd/snippet.py,0,False,165.0,failed,
9952389,/gists/9952389/snippet.py,0,False,152.9,failed,
9956ec93a07ca4e9ba5bc415b014bcca,/gists/9956ec93a07ca4e9ba5bc415b014bcca/snippet.py,0,True,55.5,solved,
996771,/gists/996771/snippet.py,0,True,23.1,solved,
9985307,/gists/9985307/snippet.py,0,False,28.8,failed,
998722,/gists/998722/snippet.py,0,True,17.5,solved,
999228,/gists/999228/snippet.py,0,True,9.9,solved,
99b7fb8ff89104d30eab,/gists/99b7fb8ff89104d30eab/snippet.py,0,False,98.2,failed,
99e1ad329383de04be4834a8c3e28c0d,/gists/99e1ad329383de04be4834a8c3e28c0d/snippet.py,-1,False,1200.0,timeout,Exceeded 1200s timeout
99f7f921b512496a9563691e15d846b2,/gists/99f7f921b512496a9563691e15d846b2/snippet.py,0,True,252.0,solved,
9a632bbb0acb445f4f3a,/gists/9a632bbb0acb445f4f3a/snippet.py,0,True,142.2,solved,
9ad6a265aac887fa26c1,/gists/9ad6a265aac887fa26c1/snippet.py,0,False,70.9,failed,
9b1e305543f6fcc9318a,/gists/9b1e305543f6fcc9318a/snippet.py,0,True,69.9,solved,
9b2b3e8a6c67697279d3724dce5dab3c,/gists/9b2b3e8a6c67697279d3724dce5dab3c/snippet.py,0,True,645.5,solved,
9b7787a607a5a676c6d8,/gists/9b7787a607a5a676c6d8/snippet.py,0,True,14.7,solved,
9bb9eaea2523cd2144cf959f48a14194,/gists/9bb9eaea2523cd2144cf959f48a14194/snippet.py,0,True,11.0,solved,
9bde6d0985bd71b103d3,/gists/9bde6d0985bd71b103d3/snippet.py,0,False,123.5,failed,
9be3d2aa4930ecd8e536,/gists/9be3d2aa4930ecd8e536/snippet.py,0,True,17.0,solved,
9c1614281797ce620c6069476d39c7b8,/gists/9c1614281797ce620c6069476d39c7b8/snippet.py,0,True,11.8,solved,
9c411d2b88eab4232cc66a9c7f6988fc,/gists/9c411d2b88eab4232cc66a9c7f6988fc/snippet.py,0,False,202.9,failed,
9c4d012d6fff059ccea7,/gists/9c4d012d6fff059ccea7/snippet.py,0,False,56.1,failed,
9cba618eacedc68c656b,/gists/9cba618eacedc68c656b/snippet.py,0,False,77.7,failed,
9cc23ce7c1e5c9e4379e,/gists/9cc23ce7c1e5c9e4379e/snippet.py,0,False,42.0,failed,
9cdead881799a47742ff3cd296d06cc1,/gists/9cdead881799a47742ff3cd296d06cc1/snippet.py,0,True,17.0,solved,
9cfd4d8400961a3b67a1351a1851c869,/gists/9cfd4d8400961a3b67a1351a1851c869/snippet.py,0,True,11.1,solved,
9d0bf77bf070262ab3cddfc4b79d031b,/gists/9d0bf77bf070262ab3cddfc4b79d031b/snippet.py,0,True,11.9,solved,
9d39e1868e220e02cb58,/gists/9d39e1868e220e02cb58/snippet.py,0,False,88.1,failed,
9d4ea9b04b223de02c7a,/gists/9d4ea9b04b223de02c7a/snippet.py,0,False,51.4,failed,
9dad6c4ab0d8d7dbf3dc,/gists/9dad6c4ab0d8d7dbf3dc/snippet.py,0,True,23.3,solved,
9dcd642059214d81b3ef,/gists/9dcd642059214d81b3ef/snippet.py,0,True,19.4,solved,
9e1f7cf4945a608ae48a,/gists/9e1f7cf4945a608ae48a/snippet.py,0,False,104.7,failed,
9e30b2f908e801da1bd789f4ce3e7aac,/gists/9e30b2f908e801da1bd789f4ce3e7aac/snippet.py,0,False,682.7,failed,
9e990f56dabe27b42bfb,/gists/9e990f56dabe27b42bfb/snippet.py,0,True,28.0,solved,
9ea0e4feb62a45acffee,/gists/9ea0e4feb62a45acffee/snippet.py,0,True,44.3,solved,
9ed6ee8a55ff1587c08c793d5f23dfda,/gists/9ed6ee8a55ff1587c08c793d5f23dfda/snippet.py,0,False,618.6,failed,
9f1793c4d1f466d3b58966da36b54fad,/gists/9f1793c4d1f466d3b58966da36b54fad/snippet.py,0,True,75.0,solved,
9f2d7da68779a17a0890,/gists/9f2d7da68779a17a0890/snippet.py,0,False,177.2,failed,
9f49f91bd7d0a527fdb5,/gists/9f49f91bd7d0a527fdb5/snippet.py,0,True,16.0,solved,
9f6118ff84867e89f3348707c7a1271f,/gists/9f6118ff84867e89f3348707c7a1271f/snippet.py,0,True,36.0,solved,
9f782f83e25d3c9eb202,/gists/9f782f83e25d3c9eb202/snippet.py,0,False,85.1,failed,
9fbbf2f450779bde60c3,/gists/9fbbf2f450779bde60c3/snippet.py,0,True,13.6,solved,
9fd4304148b398983b3c,/gists/9fd4304148b398983b3c/snippet.py,0,False,41.4,failed,
9fffe8ba08e378e3d027610921c51a78,/gists/9fffe8ba08e378e3d027610921c51a78/snippet.py,0,True,305.2,solved,
a003ace716c278ab87669f2fbd37727b,/gists/a003ace716c278ab87669f2fbd37727b/snippet.py,0,True,143.3,solved,
a027a9fc5aac66e6a382,/gists/a027a9fc5aac66e6a382/snippet.py,0,False,24.5,failed,
a05a9ed37a3096cffef80bdc7fee31bc,/gists/a05a9ed37a3096cffef80bdc7fee31bc/snippet.py,0,False,90.6,failed,
a06477775f18c11b4517,/gists/a06477775f18c11b4517/snippet.py,0,True,17.6,solved,
a08221826c6f20ac47fe688e575e51ca,/gists/a08221826c6f20ac47fe688e575e51ca/snippet.py,0,False,91.0,failed,
a0a5dd7bfcaac3d3e9c18e5ea1080b95,/gists/a0a5dd7bfcaac3d3e9c18e5ea1080b95/snippet.py,0,True,37.2,solved,
a0d42148fa11cbdaa00168e321f598f5,/gists/a0d42148fa11cbdaa00168e321f598f5/snippet.py,0,True,15.0,solved,
a1178bf10729a27184b1,/gists/a1178bf10729a27184b1/snippet.py,0,False,13.7,failed,
a14e56ab945cd7e64c3b,/gists/a14e56ab945cd7e64c3b/snippet.py,0,True,50.4,solved,
a16749ee76941e8d86c8,/gists/a16749ee76941e8d86c8/snippet.py,0,False,30.8,failed,
a2b9c6ecdb24ca8fd6f4f41a9c0eb32e,/gists/a2b9c6ecdb24ca8fd6f4f41a9c0eb32e/snippet.py,0,False,63.6,failed,
a303721443f5eb46035e,/gists/a303721443f5eb46035e/snippet.py,0,False,20.9,failed,
a3dd4a35ecd94660411112999923d561,/gists/a3dd4a35ecd94660411112999923d561/snippet.py,0,True,33.0,solved,
a400d6c20a52f0b3cd5415e833263b1f,/gists/a400d6c20a52f0b3cd5415e833263b1f/snippet.py,0,False,86.9,failed,
a428ef783211b0ffdee1,/gists/a428ef783211b0ffdee1/snippet.py,0,True,13.3,solved,
a42aecb379742d3cd150,/gists/a42aecb379742d3cd150/snippet.py,0,False,27.1,failed,
a430d460966d64edc6cad71c502d7005,/gists/a430d460966d64edc6cad71c502d7005/snippet.py,0,False,38.0,failed,
a4533e0adebe57e3ed06d4b50c8419ae,/gists/a4533e0adebe57e3ed06d4b50c8419ae/snippet.py,0,True,48.0,solved,
a48b50e46f01dc7ac96d,/gists/a48b50e46f01dc7ac96d/snippet.py,0,False,90.2,failed,
a48feaecfdb9e0609c6a02590fd1f91b,/gists/a48feaecfdb9e0609c6a02590fd1f91b/snippet.py,0,True,26.8,solved,
a4cfdc19144e7bd634a8,/gists/a4cfdc19144e7bd634a8/snippet.py,0,True,48.7,solved,
a52b036424bd9975d719f224ca8cc8d5,/gists/a52b036424bd9975d719f224ca8cc8d5/snippet.py,0,False,38.6,failed,
a536bfa68b066c6fd593,/gists/a536bfa68b066c6fd593/snippet.py,0,False,52.5,failed,
a5407ce6b5061525e7f2,/gists/a5407ce6b5061525e7f2/snippet.py,0,False,34.5,failed,
a54e7e182ddf564f6a5c1fe50db556a2,/gists/a54e7e182ddf564f6a5c1fe50db556a2/snippet.py,0,True,53.2,solved,
a56421d26afb1f728a2b5959ce1c4486,/gists/a56421d26afb1f728a2b5959ce1c4486/snippet.py,0,False,131.4,failed,
a56d5446416f5ad2bbac,/gists/a56d5446416f5ad2bbac/snippet.py,0,False,579.2,failed,
a5808fe356b8da031837,/gists/a5808fe356b8da031837/snippet.py,0,True,85.5,solved,
a5af977340c1c452d2d0,/gists/a5af977340c1c452d2d0/snippet.py,0,False,34.1,failed,
a5b640e4368204426310,/gists/a5b640e4368204426310/snippet.py,0,True,79.7,solved,
a5f57e8c9d0aedee285fb6f43cb5900c,/gists/a5f57e8c9d0aedee285fb6f43cb5900c/snippet.py,0,True,42.8,solved,
a5fb23f096d7b0c3880e1622938d0901,/gists/a5fb23f096d7b0c3880e1622938d0901/snippet.py,0,True,19.0,solved,
a61918cbfae993b68eb17b5b780b7e32,/gists/a61918cbfae993b68eb17b5b780b7e32/snippet.py,0,False,152.0,failed,
a62b5cf5262fc7179dee,/gists/a62b5cf5262fc7179dee/snippet.py,0,False,59.0,failed,
a64321dd69339c42a184,/gists/a64321dd69339c42a184/snippet.py,0,True,16.4,solved,
a67517621c2a9d4c2f14,/gists/a67517621c2a9d4c2f14/snippet.py,0,False,54.4,failed,
a682299af39b76d8592f,/gists/a682299af39b76d8592f/snippet.py,0,True,94.4,solved,
a68d6f32f4985ed547ce,/gists/a68d6f32f4985ed547ce/snippet.py,0,True,44.9,solved,
a6a32bd87fdfe5529f0e908ed743f779,/gists/a6a32bd87fdfe5529f0e908ed743f779/snippet.py,0,False,67.0,failed,
a7733a15cbf6c0cd9fba,/gists/a7733a15cbf6c0cd9fba/snippet.py,0,False,130.1,failed,
a7c41b072cfa4cc2c592,/gists/a7c41b072cfa4cc2c592/snippet.py,0,False,14.8,failed,
a8121604385ce6da251d20d018f9a6d6,/gists/a8121604385ce6da251d20d018f9a6d6/snippet.py,0,True,85.7,solved,
a8332d2b6dc517accedbff8fd8e63b08,/gists/a8332d2b6dc517accedbff8fd8e63b08/snippet.py,0,True,10.6,solved,
a86b412988cbf5216aa5c48b1cf439c4,/gists/a86b412988cbf5216aa5c48b1cf439c4/snippet.py,0,False,103.1,failed,
a8c96f1aeb41393dadf6,/gists/a8c96f1aeb41393dadf6/snippet.py,0,True,71.3,solved,
a8ddb994df41583b64f8,/gists/a8ddb994df41583b64f8/snippet.py,0,False,26.9,failed,
a8f87b0d95e73eb482c5,/gists/a8f87b0d95e73eb482c5/snippet.py,0,True,12.6,solved,
a90c6f22372de8859f14,/gists/a90c6f22372de8859f14/snippet.py,0,False,106.8,failed,
a9de2ef498a09747bbf673ddf6ea4843,/gists/a9de2ef498a09747bbf673ddf6ea4843/snippet.py,0,True,332.4,solved,
a9f0b1ca7e98391a5067,/gists/a9f0b1ca7e98391a5067/snippet.py,0,False,154.8,failed,
aa3d19a12b74e9ab7941,/gists/aa3d19a12b74e9ab7941/snippet.py,0,False,70.5,failed,
aa46105d34349543582b177ae79f32f0,/gists/aa46105d34349543582b177ae79f32f0/snippet.py,0,True,44.1,solved,
aa64ddf6109414291030,/gists/aa64ddf6109414291030/snippet.py,0,True,26.7,solved,
aa8713d4334036bcb0060ff73dba54c4,/gists/aa8713d4334036bcb0060ff73dba54c4/snippet.py,0,False,11.1,failed,
aad88d51001ea83ecfc6,/gists/aad88d51001ea83ecfc6/snippet.py,0,False,30.7,failed,
aad8a37114825b0ce1a5bc48bf5f3cac,/gists/aad8a37114825b0ce1a5bc48bf5f3cac/snippet.py,0,True,61.1,solved,
ab136dbfb97f8ee1d309,/gists/ab136dbfb97f8ee1d309/snippet.py,0,False,89.5,failed,
ab2e34dc58c8c2d0f2e15f25b528dc19,/gists/ab2e34dc58c8c2d0f2e15f25b528dc19/snippet.py,0,True,18.1,solved,
abb8a2f22adbdb6d387f,/gists/abb8a2f22adbdb6d387f/snippet.py,0,True,53.5,solved,
abca49bf36433fd1f9d1,/gists/abca49bf36433fd1f9d1/snippet.py,0,False,20.5,failed,
ac5987161bc27048e1da48e40299468b,/gists/ac5987161bc27048e1da48e40299468b/snippet.py,0,True,27.5,solved,
ac5f50d1409954c38681353fb6c6921b,/gists/ac5f50d1409954c38681353fb6c6921b/snippet.py,0,False,28.7,failed,
ac8f22326f095ed2690e,/gists/ac8f22326f095ed2690e/snippet.py,0,False,11.3,failed,
ac9170132e5abfc5381353428e70f1d9,/gists/ac9170132e5abfc5381353428e70f1d9/snippet.py,0,False,117.8,failed,
ac9be1abd2bebe9ad8da5c645a1d0b5e,/gists/ac9be1abd2bebe9ad8da5c645a1d0b5e/snippet.py,0,True,100.4,solved,
acaaf10e9649bfd1863b,/gists/acaaf10e9649bfd1863b/snippet.py,0,True,19.9,solved,
acbd669af86ecb8f988325084ba7a749,/gists/acbd669af86ecb8f988325084ba7a749/snippet.py,0,True,14.9,solved,
ad16c57cf48eb95a4b63,/gists/ad16c57cf48eb95a4b63/snippet.py,0,True,107.9,solved,
ad575cee6bb503d4d193da355d70d3e9,/gists/ad575cee6bb503d4d193da355d70d3e9/snippet.py,0,False,3.1,failed,
ad7eda38c797dfddc394,/gists/ad7eda38c797dfddc394/snippet.py,0,False,24.4,failed,
ae2a7adaab133c61a059,/gists/ae2a7adaab133c61a059/snippet.py,0,False,41.0,failed,
aea4329b760eb3e72f4d,/gists/aea4329b760eb3e72f4d/snippet.py,0,True,22.6,solved,
aecb82d8b51e991dbd01,/gists/aecb82d8b51e991dbd01/snippet.py,0,True,30.9,solved,
af466b8d32d7cd4954f1,/gists/af466b8d32d7cd4954f1/snippet.py,0,False,219.9,failed,
af5bc4fae39b16f8d505,/gists/af5bc4fae39b16f8d505/snippet.py,0,False,59.0,failed,
afb129122a64bde3bd0c,/gists/afb129122a64bde3bd0c/snippet.py,0,True,62.1,solved,
b02bac4b48f780bee77b,/gists/b02bac4b48f780bee77b/snippet.py,0,True,34.9,solved,
b09f45e112b226b97a36,/gists/b09f45e112b226b97a36/snippet.py,0,True,32.4,solved,
b0a882f844e188c78358,/gists/b0a882f844e188c78358/snippet.py,0,False,119.7,failed,
b0c075cfde406280cbf7,/gists/b0c075cfde406280cbf7/snippet.py,0,False,35.6,failed,
b0e95087771dbefa386f,/gists/b0e95087771dbefa386f/snippet.py,0,False,19.9,failed,
b0eae211db963fe56c0c55773e6a16c0,/gists/b0eae211db963fe56c0c55773e6a16c0/snippet.py,0,False,66.5,failed,
b18ce332bde37e156034e5d3f60f8a23,/gists/b18ce332bde37e156034e5d3f60f8a23/snippet.py,0,False,939.0,failed,
b19bb35f5484af5d7622,/gists/b19bb35f5484af5d7622/snippet.py,0,False,19.7,failed,
b1d181802fac750f0cc1,/gists/b1d181802fac750f0cc1/snippet.py,0,True,13.2,solved,
b1ef03dd21e7a3016161,/gists/b1ef03dd21e7a3016161/snippet.py,0,True,66.2,solved,
b205bdf830c9f81e5fb6,/gists/b205bdf830c9f81e5fb6/snippet.py,0,True,40.9,solved,
b26bc0333cc18660d07baeb923ce9021,/gists/b26bc0333cc18660d07baeb923ce9021/snippet.py,0,True,31.8,solved,
b26db61d8bde30b8a88451615105da7a,/gists/b26db61d8bde30b8a88451615105da7a/snippet.py,0,False,463.8,failed,
b27cdbff68870418bdb8cefa86a2d558,/gists/b27cdbff68870418bdb8cefa86a2d558/snippet.py,0,False,317.4,failed,
b2af7d980eb217a0af07,/gists/b2af7d980eb217a0af07/snippet.py,0,False,294.1,failed,
b3143dde185cecda7c1dee7ffbce5d2c,/gists/b3143dde185cecda7c1dee7ffbce5d2c/snippet.py,0,False,32.3,failed,
b3e6f9b5d95af8ba2cc46f2ba6eae5e2,/gists/b3e6f9b5d95af8ba2cc46f2ba6eae5e2/snippet.py,0,True,24.5,solved,
b3f329868934710fbc81218ce1d6d722,/gists/b3f329868934710fbc81218ce1d6d722/snippet.py,0,False,50.1,failed,
b3f8ab944a85b33e694de21c6ded029e,/gists/b3f8ab944a85b33e694de21c6ded029e/snippet.py,0,True,32.7,solved,
b45983f227f1e4fbea65b6e06abfdecc,/gists/b45983f227f1e4fbea65b6e06abfdecc/snippet.py,0,True,34.7,solved,
b45d21224c4ea16bf4a72e2a03f741af,/gists/b45d21224c4ea16bf4a72e2a03f741af/snippet.py,0,False,29.5,failed,
b46119196c75d6ef20ff,/gists/b46119196c75d6ef20ff/snippet.py,0,False,71.4,failed,
b470324dc5c81cef8ae24fd1d3fd4e59,/gists/b470324dc5c81cef8ae24fd1d3fd4e59/snippet.py,0,True,80.2,solved,
b48d48fc1b6eb080412129e596ab2193,/gists/b48d48fc1b6eb080412129e596ab2193/snippet.py,0,True,65.1,solved,
b492a548aa342ce0badfe1eed86ea5a4,/gists/b492a548aa342ce0badfe1eed86ea5a4/snippet.py,0,True,126.0,solved,
b493a228c4081ff0260b,/gists/b493a228c4081ff0260b/snippet.py,0,True,26.7,solved,
b4a0aed67fc0da6b02434a5c2cef45c4,/gists/b4a0aed67fc0da6b02434a5c2cef45c4/snippet.py,0,True,33.9,solved,
b4afaf9648ec986928a9,/gists/b4afaf9648ec986928a9/snippet.py,0,False,104.8,failed,
b4ea0034839ccbc2aa03,/gists/b4ea0034839ccbc2aa03/snippet.py,0,False,153.5,failed,
b53cc1e0482411e4b53d74bd12a485c1,/gists/b53cc1e0482411e4b53d74bd12a485c1/snippet.py,0,False,238.2,failed,
b55de7edbcbc1ad46a28a0975c01a5cf,/gists/b55de7edbcbc1ad46a28a0975c01a5cf/snippet.py,0,True,18.4,solved,
b5952c36b36b877adcb0495163678675,/gists/b5952c36b36b877adcb0495163678675/snippet.py,0,True,11.9,solved,
b59679e31dbdb01064d6bceb827ed88b,/gists/b59679e31dbdb01064d6bceb827ed88b/snippet.py,0,False,11.0,failed,
b5b2c4be45437992df58a7dd13dbafa7,/gists/b5b2c4be45437992df58a7dd13dbafa7/snippet.py,0,True,84.0,solved,
b5d44b5c06172733d9edda4bcf9326b2,/gists/b5d44b5c06172733d9edda4bcf9326b2/snippet.py,0,True,63.9,solved,
b5e7a80691ed5e44e7fea1964bae18dc,/gists/b5e7a80691ed5e44e7fea1964bae18dc/snippet.py,0,False,21.0,failed,
b6460d1e3da5044ffff235403d16fed2,/gists/b6460d1e3da5044ffff235403d16fed2/snippet.py,0,True,33.1,solved,
b6e374d172bbe3e6130f6849e7bd6c13,/gists/b6e374d172bbe3e6130f6849e7bd6c13/snippet.py,0,True,53.0,solved,
b71ed0e977e6d345bcb8,/gists/b71ed0e977e6d345bcb8/snippet.py,0,False,52.9,failed,
b72585771a9f606ad800,/gists/b72585771a9f606ad800/snippet.py,0,False,104.8,failed,
b76261844db0255899ba857838a7c201,/gists/b76261844db0255899ba857838a7c201/snippet.py,0,False,40.0,failed,
b7beba6f962110596660,/gists/b7beba6f962110596660/snippet.py,0,False,27.2,failed,
b8240ea53d22e1bb4d32,/gists/b8240ea53d22e1bb4d32/snippet.py,0,True,129.9,solved,
b82d70b0d581dc4609e4,/gists/b82d70b0d581dc4609e4/snippet.py,0,True,29.9,solved,
b82da1cb8f3afe5ccb643f87e2f853b0,/gists/b82da1cb8f3afe5ccb643f87e2f853b0/snippet.py,0,True,16.4,solved,
b8462a8a1cb69f55d8356cbb0f3a4d63,/gists/b8462a8a1cb69f55d8356cbb0f3a4d63/snippet.py,0,True,25.1,solved,
b85fcfd4a0479810e6aa,/gists/b85fcfd4a0479810e6aa/snippet.py,0,False,72.6,failed,
b87ffb502890909aea2eb449643d5bc7,/gists/b87ffb502890909aea2eb449643d5bc7/snippet.py,0,True,38.1,solved,
b8a7b7be344e447e7ee6625fe2fdd765,/gists/b8a7b7be344e447e7ee6625fe2fdd765/snippet.py,0,True,174.8,solved,
b9309cdd7d5adc3b4b70,/gists/b9309cdd7d5adc3b4b70/snippet.py,0,False,112.9,failed,
b95cb69fd1c82ca4c2ff,/gists/b95cb69fd1c82ca4c2ff/snippet.py,0,True,45.6,solved,
b9768b4eefe679c988ce,/gists/b9768b4eefe679c988ce/snippet.py,0,False,109.9,failed,
b9bc61a74e7cadeb1fec,/gists/b9bc61a74e7cadeb1fec/snippet.py,0,True,60.2,solved,
b9df49cfc1540bc8b896,/gists/b9df49cfc1540bc8b896/snippet.py,0,False,35.4,failed,
ba235b7e90aafb9986158697a457a0d0,/gists/ba235b7e90aafb9986158697a457a0d0/snippet.py,0,False,23.6,failed,
badd18a84b236c9e6c34057512cb569a,/gists/badd18a84b236c9e6c34057512cb569a/snippet.py,0,True,23.0,solved,
baf42b089d71b94fd229,/gists/baf42b089d71b94fd229/snippet.py,0,True,38.2,solved,
bb160e63686f517c93a937f46714dd03,/gists/bb160e63686f517c93a937f46714dd03/snippet.py,0,True,73.8,solved,
bb61c15139bff338cb17,/gists/bb61c15139bff338cb17/snippet.py,0,False,68.5,failed,
bb640cebefcc550f357c,/gists/bb640cebefcc550f357c/snippet.py,0,True,321.2,solved,
bb85da3aa563b747151e,/gists/bb85da3aa563b747151e/snippet.py,0,True,142.0,solved,
bba5c2ba3000010ca049d6f96f5d2f27,/gists/bba5c2ba3000010ca049d6f96f5d2f27/snippet.py,0,False,149.4,failed,
bbfa863f3fe4bb2163d94394d7b60899,/gists/bbfa863f3fe4bb2163d94394d7b60899/snippet.py,0,False,94.9,failed,
bbfc1f0b9d003bf08b26,/gists/bbfc1f0b9d003bf08b26/snippet.py,0,True,51.1,solved,
bc901de8b7e59cbeb190,/gists/bc901de8b7e59cbeb190/snippet.py,0,True,161.7,solved,
bca0daa0c3ca0ddb2c70,/gists/bca0daa0c3ca0ddb2c70/snippet.py,0,True,25.4,solved,
bcc376fb336b73f24b29,/gists/bcc376fb336b73f24b29/snippet.py,0,False,632.3,failed,
bcd8b4002b6cbf77dd89,/gists/bcd8b4002b6cbf77dd89/snippet.py,0,True,16.3,solved,
bce94f1c37215f644e0c,/gists/bce94f1c37215f644e0c/snippet.py,0,False,60.2,failed,
bce98c5c1688fc833475,/gists/bce98c5c1688fc833475/snippet.py,0,False,42.1,failed,
bd0940f7988774e2822d,/gists/bd0940f7988774e2822d/snippet.py,0,True,39.3,solved,
bd2d6c2271e42ed97b97,/gists/bd2d6c2271e42ed97b97/snippet.py,0,False,432.9,failed,
bd57b54a5c6903e4a6a2,/gists/bd57b54a5c6903e4a6a2/snippet.py,0,True,80.7,solved,
bdb31b04fb1e69fa5346,/gists/bdb31b04fb1e69fa5346/snippet.py,0,False,34.5,failed,
be6123c7ee3b366e333a,/gists/be6123c7ee3b366e333a/snippet.py,0,False,29.6,failed,
be7e84c9d61c4869e981,/gists/be7e84c9d61c4869e981/snippet.py,0,True,126.0,solved,
bf576ee091e75071bc66,/gists/bf576ee091e75071bc66/snippet.py,0,True,28.1,solved,
bfb45408d43986eefdf83b59bc9e8629,/gists/bfb45408d43986eefdf83b59bc9e8629/snippet.py,0,True,33.0,solved,
bfc2099235ac96937f34,/gists/bfc2099235ac96937f34/snippet.py,0,False,256.1,failed,
c01b65369b71c35431c8,/gists/c01b65369b71c35431c8/snippet.py,0,False,33.2,failed,
c063bddb9b8d17a037695d748db4f592,/gists/c063bddb9b8d17a037695d748db4f592/snippet.py,0,True,81.6,solved,
c078cabc0a48f2570028bff397a9e154,/gists/c078cabc0a48f2570028bff397a9e154/snippet.py,0,True,23.4,solved,
c0fdb29ddf0d338bcbd021b68f5bea51,/gists/c0fdb29ddf0d338bcbd021b68f5bea51/snippet.py,0,False,49.4,failed,
c12be33cdcd9a86f20a2,/gists/c12be33cdcd9a86f20a2/snippet.py,0,True,90.7,solved,
c18130768ac0ef0345947c5aa0827b65,/gists/c18130768ac0ef0345947c5aa0827b65/snippet.py,0,False,3.1,failed,
c18bfe4fd96008ffa0aef25001a2e88f,/gists/c18bfe4fd96008ffa0aef25001a2e88f/snippet.py,0,True,49.0,solved,
c1adfdb0f526465c99409cc143dea97b,/gists/c1adfdb0f526465c99409cc143dea97b/snippet.py,0,True,107.1,solved,
c211c1af232974f00564,/gists/c211c1af232974f00564/snippet.py,0,True,23.0,solved,
c233b0d25c5fbe008d9477bc1b2d234c,/gists/c233b0d25c5fbe008d9477bc1b2d234c/snippet.py,0,True,29.0,solved,
c26b2dd5c2bdeaf6d7479a68bd7023bb,/gists/c26b2dd5c2bdeaf6d7479a68bd7023bb/snippet.py,0,True,73.0,solved,
c28329f12711a914c7a8cbe6eeb947c0,/gists/c28329f12711a914c7a8cbe6eeb947c0/snippet.py,0,False,91.8,failed,
c2b2943ead94c200574a,/gists/c2b2943ead94c200574a/snippet.py,0,False,75.9,failed,
c2cf8d8aee3eb70668bd,/gists/c2cf8d8aee3eb70668bd/snippet.py,0,True,41.9,solved,
c2d24fe340a7f3cf76d2,/gists/c2d24fe340a7f3cf76d2/snippet.py,0,True,37.3,solved,
c2dfe5772ba3cd16c1be17ba42b7db66,/gists/c2dfe5772ba3cd16c1be17ba42b7db66/snippet.py,0,True,28.6,solved,
c3124826a3c49ddda6999acb40ad2c27,/gists/c3124826a3c49ddda6999acb40ad2c27/snippet.py,0,True,81.1,solved,
c344f114e1579a29e163,/gists/c344f114e1579a29e163/snippet.py,0,True,12.2,solved,
c362f0ad488e3b289394,/gists/c362f0ad488e3b289394/snippet.py,0,True,212.7,solved,
c3a540563e0774489ceafb3156b318a2,/gists/c3a540563e0774489ceafb3156b318a2/snippet.py,0,True,11.7,solved,
c3c474a04d7c0cd8ddeb,/gists/c3c474a04d7c0cd8ddeb/snippet.py,0,True,143.2,solved,
c42d76db2ad2e87a5086,/gists/c42d76db2ad2e87a5086/snippet.py,0,False,93.7,failed,
c4329fa17f1b3f287341,/gists/c4329fa17f1b3f287341/snippet.py,0,False,112.3,failed,
c4602c23783d894b8d96,/gists/c4602c23783d894b8d96/snippet.py,0,True,20.6,solved,
c47824c116e6a61a56d9,/gists/c47824c116e6a61a56d9/snippet.py,0,True,92.1,solved,
c4806c504e46e8cdb00a,/gists/c4806c504e46e8cdb00a/snippet.py,0,True,35.2,solved,
c4b999517b713adb6480a349bb6d7658,/gists/c4b999517b713adb6480a349bb6d7658/snippet.py,0,True,306.7,solved,
c503014bbb03088bec37a61231036461,/gists/c503014bbb03088bec37a61231036461/snippet.py,0,True,12.5,solved,
c577716bd2f15b9ca330b15443e8bfbe,/gists/c577716bd2f15b9ca330b15443e8bfbe/snippet.py,0,False,29.8,failed,
c591cab03c66780b18d5,/gists/c591cab03c66780b18d5/snippet.py,0,True,54.4,solved,
c5af642cf217971d93f499e8f70fcb72,/gists/c5af642cf217971d93f499e8f70fcb72/snippet.py,0,False,855.5,failed,
c5afa16b07747b113808,/gists/c5afa16b07747b113808/snippet.py,0,True,12.9,solved,
c5ead2b72b2be03eb0ca,/gists/c5ead2b72b2be03eb0ca/snippet.py,0,True,22.3,solved,
c613bd0fad5de00bab2e,/gists/c613bd0fad5de00bab2e/snippet.py,0,False,77.0,failed,
c648d753e7d0176ff172,/gists/c648d753e7d0176ff172/snippet.py,0,True,14.6,solved,
c67039252268ec5e66ba,/gists/c67039252268ec5e66ba/snippet.py,0,True,20.6,solved,
c6936d219db8e6635d25,/gists/c6936d219db8e6635d25/snippet.py,0,False,10.5,failed,
c6b3e4d47d933b057aab32c9c29c4221,/gists/c6b3e4d47d933b057aab32c9c29c4221/snippet.py,0,True,508.2,solved,
c70fb69eef42d40bed06,/gists/c70fb69eef42d40bed06/snippet.py,0,True,17.0,solved,
c71f241125ed879d4af7,/gists/c71f241125ed879d4af7/snippet.py,0,False,176.2,failed,
c781881856b30cacef36,/gists/c781881856b30cacef36/snippet.py,0,False,28.1,failed,
c7a2333c227e24226808,/gists/c7a2333c227e24226808/snippet.py,0,False,89.9,failed,
c7a37230842f82fc51eaecf855fbf7ab,/gists/c7a37230842f82fc51eaecf855fbf7ab/snippet.py,0,True,27.3,solved,
c7dd1262bd81a32663f0,/gists/c7dd1262bd81a32663f0/snippet.py,0,False,7.9,failed,
c7e9a91256c9c5db1676aa3c240531cf,/gists/c7e9a91256c9c5db1676aa3c240531cf/snippet.py,0,True,20.2,solved,
c7ec9a30052127c7a1ad169eeb83f159,/gists/c7ec9a30052127c7a1ad169eeb83f159/snippet.py,0,True,133.0,solved,
c80e24454ee353d3c123,/gists/c80e24454ee353d3c123/snippet.py,0,True,36.5,solved,
c84643e4d13818fc5a35a8de888126bb,/gists/c84643e4d13818fc5a35a8de888126bb/snippet.py,0,False,361.6,failed,
c87011a445135417c114960bbc187618,/gists/c87011a445135417c114960bbc187618/snippet.py,0,False,471.9,failed,
c87cc706625b8a54e604fb1024106556,/gists/c87cc706625b8a54e604fb1024106556/snippet.py,0,True,33.1,solved,
c8a451502958fa367d84bf038081ee4b,/gists/c8a451502958fa367d84bf038081ee4b/snippet.py,0,True,478.3,solved,
c8b3fb31c1552ecbaafb,/gists/c8b3fb31c1552ecbaafb/snippet.py,0,True,15.9,solved,
c8d1caabaf7b43317bc8825c226045d2,/gists/c8d1caabaf7b43317bc8825c226045d2/snippet.py,0,True,173.5,solved,
c8e62ef8cb9515d64df4,/gists/c8e62ef8cb9515d64df4/snippet.py,0,True,75.8,solved,
c8eb9d0938584a277f90,/gists/c8eb9d0938584a277f90/snippet.py,0,True,54.6,solved,
c91859ed22e4dda11d36,/gists/c91859ed22e4dda11d36/snippet.py,0,False,9.0,failed,
c92066d9d38b236a21d5a7b729a10f12,/gists/c92066d9d38b236a21d5a7b729a10f12/snippet.py,0,True,259.0,solved,
c9248a239bbab0e0d42e,/gists/c9248a239bbab0e0d42e/snippet.py,0,True,16.2,solved,
c943835a9742f5021eeb,/gists/c943835a9742f5021eeb/snippet.py,0,False,57.4,failed,
c9792757a9fc02d01408bf30855d412f,/gists/c9792757a9fc02d01408bf30855d412f/snippet.py,0,True,20.1,solved,
c97fe158082000ae06ad624527433de6,/gists/c97fe158082000ae06ad624527433de6/snippet.py,0,True,11.8,solved,
c9f42c81c53b276b6560,/gists/c9f42c81c53b276b6560/snippet.py,0,False,35.7,failed,
ca6ed07e5c8017272701,/gists/ca6ed07e5c8017272701/snippet.py,0,True,25.8,solved,
ca851e39229551208c0d,/gists/ca851e39229551208c0d/snippet.py,0,True,98.0,solved,
ca8f71e38ad12ff157b34d5425d50ec7,/gists/ca8f71e38ad12ff157b34d5425d50ec7/snippet.py,0,False,56.2,failed,
ca92b42f1f796763e5d1f8cd73247a30,/gists/ca92b42f1f796763e5d1f8cd73247a30/snippet.py,0,False,46.0,failed,
caaf6087162f1c6361571ee489da260f,/gists/caaf6087162f1c6361571ee489da260f/snippet.py,0,True,51.4,solved,
cad6d3d223fc8d769227,/gists/cad6d3d223fc8d769227/snippet.py,0,True,16.2,solved,
cadedd0dd0d4c966462b,/gists/cadedd0dd0d4c966462b/snippet.py,0,True,162.0,solved,
caeb0a6dc89d9e7ec48d,/gists/caeb0a6dc89d9e7ec48d/snippet.py,0,False,69.3,failed,
cb0833a03a7d30c6d6e0,/gists/cb0833a03a7d30c6d6e0/snippet.py,0,False,41.4,failed,
cb2b90523c592abe7ae4,/gists/cb2b90523c592abe7ae4/snippet.py,0,False,66.6,failed,
cb5a28fa8d4db3fc1ba51894663c1aed,/gists/cb5a28fa8d4db3fc1ba51894663c1aed/snippet.py,0,False,55.7,failed,
cb5d8157a8fa5a4a046e,/gists/cb5d8157a8fa5a4a046e/snippet.py,0,True,25.9,solved,
cc0ac48d34860c5bb3f9112f4d9a0300,/gists/cc0ac48d34860c5bb3f9112f4d9a0300/snippet.py,0,True,26.4,solved,
cc3c187172ac848bd896ecb2b812dc51,/gists/cc3c187172ac848bd896ecb2b812dc51/snippet.py,0,True,88.1,solved,
cc63e6aa9a88ea6e901f,/gists/cc63e6aa9a88ea6e901f/snippet.py,0,False,65.1,failed,
cc704ba2a96e4a319e9e,/gists/cc704ba2a96e4a319e9e/snippet.py,0,False,99.0,failed,
cc8647960afeb2c15a6061d7ab7e594e,/gists/cc8647960afeb2c15a6061d7ab7e594e/snippet.py,0,True,44.8,solved,
cd045c3663f0fe2cd0e92d88a8ae2274,/gists/cd045c3663f0fe2cd0e92d88a8ae2274/snippet.py,0,False,47.1,failed,
cd19a20d2e712f61d2ea,/gists/cd19a20d2e712f61d2ea/snippet.py,0,True,21.4,solved,
cd72af254e50e01ae763,/gists/cd72af254e50e01ae763/snippet.py,0,False,246.8,failed,
cd9a1a7c969c06eaae8b,/gists/cd9a1a7c969c06eaae8b/snippet.py,0,True,228.1,solved,
cdf79835a0e30a9cbdeaaf2eb4151077,/gists/cdf79835a0e30a9cbdeaaf2eb4151077/snippet.py,0,False,56.3,failed,
ce5ebb37390ab0ae56c9e6e80128fdc2,/gists/ce5ebb37390ab0ae56c9e6e80128fdc2/snippet.py,0,True,85.7,solved,
ce648166902041fbc613,/gists/ce648166902041fbc613/snippet.py,0,False,273.0,failed,
cf2b4e56fe28835c3ceb,/gists/cf2b4e56fe28835c3ceb/snippet.py,0,True,47.1,solved,
cf4b324f8955bc56ce0ff9399d9fdea6,/gists/cf4b324f8955bc56ce0ff9399d9fdea6/snippet.py,0,False,147.9,failed,
cfaad5763fb7471aed85,/gists/cfaad5763fb7471aed85/snippet.py,0,False,3.1,failed,
cfc9f059459cfefd1f61134b48291436,/gists/cfc9f059459cfefd1f61134b48291436/snippet.py,0,False,96.6,failed,
d039e69e97afbf1b863b,/gists/d039e69e97afbf1b863b/snippet.py,0,False,96.6,failed,
d03a49767c7c307be5ed,/gists/d03a49767c7c307be5ed/snippet.py,0,True,13.1,solved,
d049a307a271052dc740,/gists/d049a307a271052dc740/snippet.py,0,True,21.8,solved,
d0bb1f94cda69a5e7c96d1742cc5adca,/gists/d0bb1f94cda69a5e7c96d1742cc5adca/snippet.py,0,True,16.6,solved,
d100a028027c5a6b8340,/gists/d100a028027c5a6b8340/snippet.py,0,True,12.5,solved,
d11c77c5565482e965d1919291044470,/gists/d11c77c5565482e965d1919291044470/snippet.py,0,True,330.6,solved,
d1351610477840bbbb72,/gists/d1351610477840bbbb72/snippet.py,0,False,36.0,failed,
d1426ffad93b786e035e,/gists/d1426ffad93b786e035e/snippet.py,0,True,23.5,solved,
d14e424540faedb3ea88,/gists/d14e424540faedb3ea88/snippet.py,0,False,48.4,failed,
d1899f011ae41b26fb6e,/gists/d1899f011ae41b26fb6e/snippet.py,0,True,146.9,solved,
d1af2b73d38fbceee5c848fc9cf641ce,/gists/d1af2b73d38fbceee5c848fc9cf641ce/snippet.py,0,False,3.9,failed,
d29d079100f8d81b905e,/gists/d29d079100f8d81b905e/snippet.py,0,True,32.0,solved,
d2c38170d4beceeb32dc,/gists/d2c38170d4beceeb32dc/snippet.py,0,True,143.8,solved,
d37ab1524a7d5e373ee5a2a0176ebd22,/gists/d37ab1524a7d5e373ee5a2a0176ebd22/snippet.py,0,True,124.9,solved,
d3bf8d7a1867aed16d30,/gists/d3bf8d7a1867aed16d30/snippet.py,0,True,64.2,solved,
d3d4123985ffea996781,/gists/d3d4123985ffea996781/snippet.py,0,False,32.8,failed,
d4175526801c6e7bddee,/gists/d4175526801c6e7bddee/snippet.py,0,False,29.3,failed,
d44132ae3bdcc0ca96a9f9f84d6d3463,/gists/d44132ae3bdcc0ca96a9f9f84d6d3463/snippet.py,0,False,65.6,failed,
d44fde5d323473ce8be7,/gists/d44fde5d323473ce8be7/snippet.py,0,True,14.7,solved,
d45259ce3f8e4c226846d2f31bf719f5,/gists/d45259ce3f8e4c226846d2f31bf719f5/snippet.py,0,True,158.5,solved,
d49f6fd44b9e690a6ac5,/gists/d49f6fd44b9e690a6ac5/snippet.py,0,True,20.3,solved,
d4d90bc5b8fb9a56fa2d4f2383a2eda7,/gists/d4d90bc5b8fb9a56fa2d4f2383a2eda7/snippet.py,0,False,317.5,failed,
d4fc31bc09e8b0756569a416aede330b,/gists/d4fc31bc09e8b0756569a416aede330b/snippet.py,0,True,21.9,solved,
d4ffebb452fe738b8aaa8005fc08a068,/gists/d4ffebb452fe738b8aaa8005fc08a068/snippet.py,0,True,74.0,solved,
d52d9ba44541fabaf4b012f4e62d675b,/gists/d52d9ba44541fabaf4b012f4e62d675b/snippet.py,0,True,11.5,solved,
d592394c0cedd32513f8fbb87ca05938,/gists/d592394c0cedd32513f8fbb87ca05938/snippet.py,0,True,240.8,solved,
d5da6f4b29a844a5865a,/gists/d5da6f4b29a844a5865a/snippet.py,0,False,156.9,failed,
d64234a093e223e319d2d7a104d4b85e,/gists/d64234a093e223e319d2d7a104d4b85e/snippet.py,0,False,11.1,failed,
d6428881f451097f329e,/gists/d6428881f451097f329e/snippet.py,0,True,12.4,solved,
d68467b87bc50e04c41e,/gists/d68467b87bc50e04c41e/snippet.py,0,True,22.0,solved,
d692487c9ed35938da376f3b58d91206,/gists/d692487c9ed35938da376f3b58d91206/snippet.py,0,True,118.4,solved,
d6aa922505c4e5f21f2f,/gists/d6aa922505c4e5f21f2f/snippet.py,0,False,11.3,failed,
d6cd0fb8c85e1547c3c60f95f5b2d5e1,/gists/d6cd0fb8c85e1547c3c60f95f5b2d5e1/snippet.py,0,True,11.9,solved,
d6cdb809115ecf46d5fea5a458c4dada,/gists/d6cdb809115ecf46d5fea5a458c4dada/snippet.py,0,False,104.3,failed,
d6eb474543c32eb33504,/gists/d6eb474543c32eb33504/snippet.py,0,False,14.9,failed,
d710f2751428975448a4,/gists/d710f2751428975448a4/snippet.py,0,False,77.0,failed,
d76eb4f4eea0320bb35dcd1b2a4575ee,/gists/d76eb4f4eea0320bb35dcd1b2a4575ee/snippet.py,0,True,39.6,solved,
d85b17e6e13fd8dcad7cf51d1c6b3a1c,/gists/d85b17e6e13fd8dcad7cf51d1c6b3a1c/snippet.py,0,False,12.5,failed,
d883c3fe1402c7ced6fc,/gists/d883c3fe1402c7ced6fc/snippet.py,0,False,58.4,failed,
d887f01c563a60554360bb5ae07cd1b0,/gists/d887f01c563a60554360bb5ae07cd1b0/snippet.py,0,True,10.4,solved,
d8e8d65d0418886c47d0,/gists/d8e8d65d0418886c47d0/snippet.py,0,False,90.6,failed,
d91a0983140acbb8bc6455f58cbf45cb,/gists/d91a0983140acbb8bc6455f58cbf45cb/snippet.py,0,False,53.3,failed,
d97eb37da84ce7329de6,/gists/d97eb37da84ce7329de6/snippet.py,0,True,44.1,solved,
d9ef555fb7ef5498c709,/gists/d9ef555fb7ef5498c709/snippet.py,0,False,97.1,failed,
da0ebd94c1c1fcf7ef6f3cd3f1f6fb9c,/gists/da0ebd94c1c1fcf7ef6f3cd3f1f6fb9c/snippet.py,0,True,11.3,solved,
da582d745fa2bf0ddd8f5f7480042291,/gists/da582d745fa2bf0ddd8f5f7480042291/snippet.py,0,False,12.7,failed,
da673e7cd79d0b6899b9bd6a68c860d0,/gists/da673e7cd79d0b6899b9bd6a68c860d0/snippet.py,0,False,42.1,failed,
da6c11fad0fc1966aa057e62bacccb2d,/gists/da6c11fad0fc1966aa057e62bacccb2d/snippet.py,0,True,22.1,solved,
daef0b34ec5af6f026af52d593131c64,/gists/daef0b34ec5af6f026af52d593131c64/snippet.py,0,False,156.6,failed,
db030013e981c46acb2886060dde607e,/gists/db030013e981c46acb2886060dde607e/snippet.py,0,True,111.4,solved,
db051ab5105c5af5401aa5ef8739ada9,/gists/db051ab5105c5af5401aa5ef8739ada9/snippet.py,0,False,96.8,failed,
db5ec4ce7c1dbaae4707,/gists/db5ec4ce7c1dbaae4707/snippet.py,0,True,157.4,solved,
db709c8c1279348e0638,/gists/db709c8c1279348e0638/snippet.py,0,True,12.1,solved,
db7b6db7035dd48e5902,/gists/db7b6db7035dd48e5902/snippet.py,0,False,65.9,failed,
db972e738cfacdf8055f,/gists/db972e738cfacdf8055f/snippet.py,0,False,18.8,failed,
dbb593a597acb2c0b93b,/gists/dbb593a597acb2c0b93b/snippet.py,0,False,41.0,failed,
dbec2584e7508cbfc79e,/gists/dbec2584e7508cbfc79e/snippet.py,0,True,26.6,solved,
dc176cdb29efd826e8c748e7f96933f0,/gists/dc176cdb29efd826e8c748e7f96933f0/snippet.py,0,False,169.3,failed,
dc3257b6a44da3d8fd05,/gists/dc3257b6a44da3d8fd05/snippet.py,0,False,50.8,failed,
dc36e180d1888629cf33,/gists/dc36e180d1888629cf33/snippet.py,0,False,64.8,failed,
dc61c42aa4e89e139cd8248f59af6b3e,/gists/dc61c42aa4e89e139cd8248f59af6b3e/snippet.py,0,True,11.9,solved,
dc673da0c531c7a6059b,/gists/dc673da0c531c7a6059b/snippet.py,0,False,34.8,failed,
dccc1c4fdcf1c7a31757168b19c827a7,/gists/dccc1c4fdcf1c7a31757168b19c827a7/snippet.py,0,True,100.7,solved,
dd1538665994b48972a62966b4369354,/gists/dd1538665994b48972a62966b4369354/snippet.py,0,False,52.3,failed,
dde829f94a8f83bfa922090102449fde,/gists/dde829f94a8f83bfa922090102449fde/snippet.py,0,True,72.0,solved,
ddf6aaa6b3d37f602fedfd38c9af9d49,/gists/ddf6aaa6b3d37f602fedfd38c9af9d49/snippet.py,0,False,74.6,failed,
de1383080e9f8fb7d208,/gists/de1383080e9f8fb7d208/snippet.py,0,True,20.0,solved,
de1726bfc7330b2c9b2a,/gists/de1726bfc7330b2c9b2a/snippet.py,0,True,44.5,solved,
de22705b5f7ef778806b,/gists/de22705b5f7ef778806b/snippet.py,0,False,77.0,failed,
de261e66949009f44ad2,/gists/de261e66949009f44ad2/snippet.py,0,False,76.9,failed,
de3ab9cb8bb4b7719571,/gists/de3ab9cb8bb4b7719571/snippet.py,0,False,45.7,failed,
de546cb143ebae4a489a482a05ab4beb,/gists/de546cb143ebae4a489a482a05ab4beb/snippet.py,0,False,62.6,failed,
dedc857cdc0e680dfb1be99762990c9c,/gists/dedc857cdc0e680dfb1be99762990c9c/snippet.py,0,True,148.0,solved,
df0b30453338946e639449710862822d,/gists/df0b30453338946e639449710862822d/snippet.py,0,False,126.8,failed,
df47cd6aea9eeac153ff,/gists/df47cd6aea9eeac153ff/snippet.py,0,True,51.4,solved,
df919538bcef391bc89f,/gists/df919538bcef391bc89f/snippet.py,0,False,11.2,failed,
df9ad5ef01d16c02d68d9a8c17c75b73,/gists/df9ad5ef01d16c02d68d9a8c17c75b73/snippet.py,0,True,23.1,solved,
dfca335e370a2bc3bc79876e6270099e,/gists/dfca335e370a2bc3bc79876e6270099e/snippet.py,0,True,113.6,solved,
dfd7eb0ce2915d004367,/gists/dfd7eb0ce2915d004367/snippet.py,0,False,32.0,failed,
dffb8de093502b153e85,/gists/dffb8de093502b153e85/snippet.py,0,False,26.3,failed,
e0defc252f665b2b51e8,/gists/e0defc252f665b2b51e8/snippet.py,0,False,17.7,failed,
e11b546d6ba9ebc2b604,/gists/e11b546d6ba9ebc2b604/snippet.py,0,False,3.3,failed,
e196107b5e0afc834652bd3153030c42,/gists/e196107b5e0afc834652bd3153030c42/snippet.py,0,True,115.6,solved,
e1b58ad5ff33c697ae83d83fdbab76e4,/gists/e1b58ad5ff33c697ae83d83fdbab76e4/snippet.py,0,True,50.9,solved,
e1e011652b297d13b3ac3f99fd11b2bc,/gists/e1e011652b297d13b3ac3f99fd11b2bc/snippet.py,0,True,287.5,solved,
e223622e255bd5b8c9130407397a0494,/gists/e223622e255bd5b8c9130407397a0494/snippet.py,0,False,420.6,failed,
e28813c1e8721830ff9c,/gists/e28813c1e8721830ff9c/snippet.py,0,True,15.3,solved,
e294562759ff2755486e,/gists/e294562759ff2755486e/snippet.py,0,False,11.0,failed,
e2af6270cc9563cca197,/gists/e2af6270cc9563cca197/snippet.py,0,False,179.6,failed,
e2ef822c744357a4ed16ec0c885100a3,/gists/e2ef822c744357a4ed16ec0c885100a3/snippet.py,0,True,67.1,solved,
e3433ebba20c92b63111,/gists/e3433ebba20c92b63111/snippet.py,0,False,40.6,failed,
e3556f0089e89970bf9b,/gists/e3556f0089e89970bf9b/snippet.py,0,False,151.8,failed,
e37887e81cee51ab2dc70d16780ae942,/gists/e37887e81cee51ab2dc70d16780ae942/snippet.py,0,False,83.1,failed,
e37a85fb0258b045c005ca3db9cbc7f6,/gists/e37a85fb0258b045c005ca3db9cbc7f6/snippet.py,0,True,71.5,solved,
e38e0588bf6d8f32e99d,/gists/e38e0588bf6d8f32e99d/snippet.py,0,False,170.0,failed,
e3a91e46df24e0c24eb656c89373c20d,/gists/e3a91e46df24e0c24eb656c89373c20d/snippet.py,0,False,48.2,failed,
e3b59913d71d82a03eda,/gists/e3b59913d71d82a03eda/snippet.py,0,False,71.0,failed,
e41abdd59c5308eacf84,/gists/e41abdd59c5308eacf84/snippet.py,0,False,197.9,failed,
e4907ccc9f6c1bb49b17,/gists/e4907ccc9f6c1bb49b17/snippet.py,0,True,85.0,solved,
e522b44a1dc7d3a388d4386d416747f5,/gists/e522b44a1dc7d3a388d4386d416747f5/snippet.py,0,True,86.9,solved,
e530dc9767d8f83c08f3582c71a5cbc8,/gists/e530dc9767d8f83c08f3582c71a5cbc8/snippet.py,0,True,37.3,solved,
e53a70f9e5c3f55852b0,/gists/e53a70f9e5c3f55852b0/snippet.py,0,True,253.9,solved,
e542b181be28d168ba177c9b8e3787b6,/gists/e542b181be28d168ba177c9b8e3787b6/snippet.py,0,True,147.0,solved,
e5fe0a832872c2b1cebe473c7cf6fb07,/gists/e5fe0a832872c2b1cebe473c7cf6fb07/snippet.py,0,True,86.3,solved,
e61631ea83c958befa5db92f8bde527d,/gists/e61631ea83c958befa5db92f8bde527d/snippet.py,0,False,11.6,failed,
e625e7ba482efdb670501cf401a2b6e9,/gists/e625e7ba482efdb670501cf401a2b6e9/snippet.py,0,True,45.1,solved,
e68c2bcb3d0893eafc0025d1104a8c4a,/gists/e68c2bcb3d0893eafc0025d1104a8c4a/snippet.py,0,False,27.5,failed,
e6d0864738da10cb9685,/gists/e6d0864738da10cb9685/snippet.py,0,True,49.3,solved,
e6e53cbe679d3ec77e25,/gists/e6e53cbe679d3ec77e25/snippet.py,0,False,55.3,failed,
e76e7c2a2aff228d7807,/gists/e76e7c2a2aff228d7807/snippet.py,0,False,145.5,failed,
e7b0bc65927b7987b7d4,/gists/e7b0bc65927b7987b7d4/snippet.py,0,True,45.0,solved,
e82c16e0401a77dec92a,/gists/e82c16e0401a77dec92a/snippet.py,0,False,67.9,failed,
e93532d5e7ddf0ec56c336499165c4dc,/gists/e93532d5e7ddf0ec56c336499165c4dc/snippet.py,0,True,46.9,solved,
e9421f06ea3a62bfbb8c,/gists/e9421f06ea3a62bfbb8c/snippet.py,0,False,145.6,failed,
e9625de0711f29cd0a4b57502648dd86,/gists/e9625de0711f29cd0a4b57502648dd86/snippet.py,0,False,295.8,failed,
e972345a37686b9b1362,/gists/e972345a37686b9b1362/snippet.py,0,False,16.6,failed,
e97d518fe02a79177b081c028a83ec1c,/gists/e97d518fe02a79177b081c028a83ec1c/snippet.py,0,False,985.5,failed,
e9851bc47dcf1ba7ee15,/gists/e9851bc47dcf1ba7ee15/snippet.py,0,False,182.6,failed,
e99c114a5b33cd2da538,/gists/e99c114a5b33cd2da538/snippet.py,0,True,368.4,solved,
e9fb36ca2220a167b7ed,/gists/e9fb36ca2220a167b7ed/snippet.py,0,True,68.4,solved,
e9ff0ac61fcb3b1b60ba,/gists/e9ff0ac61fcb3b1b60ba/snippet.py,0,True,16.6,solved,
ea1b1bae0a75c4aae593df7eca72d9ca,/gists/ea1b1bae0a75c4aae593df7eca72d9ca/snippet.py,0,True,103.4,solved,
ea3bb160dbc2e650b4474a84248d0d1a,/gists/ea3bb160dbc2e650b4474a84248d0d1a/snippet.py,0,True,132.6,solved,
ea46edc315b0f94d03b9,/gists/ea46edc315b0f94d03b9/snippet.py,0,True,36.6,solved,
ea6a808c1e1c382ec567,/gists/ea6a808c1e1c382ec567/snippet.py,0,False,10.1,failed,
ea8b0a48983b9f7a8d01cbc0651e43d1,/gists/ea8b0a48983b9f7a8d01cbc0651e43d1/snippet.py,0,True,16.4,solved,
ead9898bd3c973c40429,/gists/ead9898bd3c973c40429/snippet.py,0,True,11.8,solved,
eb302ad37fe170386893,/gists/eb302ad37fe170386893/snippet.py,0,False,51.7,failed,
eb6dc49c861a1c21b612b568dd188668,/gists/eb6dc49c861a1c21b612b568dd188668/snippet.py,0,True,42.7,solved,
eba2bf1a0ecd3e541146e98f35d49739,/gists/eba2bf1a0ecd3e541146e98f35d49739/snippet.py,0,True,435.3,solved,
ebb282c3b73c41c1404123de6cea4771,/gists/ebb282c3b73c41c1404123de6cea4771/snippet.py,0,False,34.6,failed,
ec0dbce5688e6fcd2cb91ac1fb7d03ca,/gists/ec0dbce5688e6fcd2cb91ac1fb7d03ca/snippet.py,0,False,198.3,failed,
ec169727def8eb09b44fff84f93f1496,/gists/ec169727def8eb09b44fff84f93f1496/snippet.py,0,False,42.3,failed,
ec3adc02d927375f13d0,/gists/ec3adc02d927375f13d0/snippet.py,0,False,59.8,failed,
ec5c8bed17396e8e55cf3305dbb88f56,/gists/ec5c8bed17396e8e55cf3305dbb88f56/snippet.py,0,True,57.3,solved,
ec88cbdce3cdbac7b8d5,/gists/ec88cbdce3cdbac7b8d5/snippet.py,0,True,86.2,solved,
ec8ddab12364323c97d4e36459174f0d,/gists/ec8ddab12364323c97d4e36459174f0d/snippet.py,0,False,127.0,failed,
ec8f1689bfde3ce9a920,/gists/ec8f1689bfde3ce9a920/snippet.py,0,False,198.6,failed,
ec9c9074373d2443594a,/gists/ec9c9074373d2443594a/snippet.py,0,True,144.4,solved,
eca49daaae6d4566383b39908bfc3fd0,/gists/eca49daaae6d4566383b39908bfc3fd0/snippet.py,0,True,11.9,solved,
ed9631f151710c6bd898499fcf938425,/gists/ed9631f151710c6bd898499fcf938425/snippet.py,0,True,83.8,solved,
ed991fb8cdcac3dfadf7,/gists/ed991fb8cdcac3dfadf7/snippet.py,0,False,22.3,failed,
ede1aec7b3801eb08bc0,/gists/ede1aec7b3801eb08bc0/snippet.py,0,True,115.2,solved,
ede5b6b793f02bd966a6a7502c0a7fbf,/gists/ede5b6b793f02bd966a6a7502c0a7fbf/snippet.py,0,False,21.2,failed,
ee05163d448353af4c260c544db4d6b2,/gists/ee05163d448353af4c260c544db4d6b2/snippet.py,0,False,147.3,failed,
ee837b44613ce93064aa,/gists/ee837b44613ce93064aa/snippet.py,0,True,38.6,solved,
ee8c85ff0462ec6105b2,/gists/ee8c85ff0462ec6105b2/snippet.py,0,True,12.1,solved,
ee8edb61a4aba40ce2fc653e12cd5e69,/gists/ee8edb61a4aba40ce2fc653e12cd5e69/snippet.py,0,True,21.7,solved,
ee9151b0ad985ca348cd,/gists/ee9151b0ad985ca348cd/snippet.py,0,False,59.8,failed,
eea5bb9ea6a73a398c44,/gists/eea5bb9ea6a73a398c44/snippet.py,0,False,89.7,failed,
eeb156dc7b4caca69f5b31037da54708,/gists/eeb156dc7b4caca69f5b31037da54708/snippet.py,0,False,11.9,failed,
eebc4d569100c8e3039bf3eae56bee4c,/gists/eebc4d569100c8e3039bf3eae56bee4c/snippet.py,0,False,3.1,failed,
eeea2093888e8d4004ec06b5a1dede1e,/gists/eeea2093888e8d4004ec06b5a1dede1e/snippet.py,0,False,22.4,failed,
eef8c9bfb4434787672c303153eee500,/gists/eef8c9bfb4434787672c303153eee500/snippet.py,0,True,18.6,solved,
eeff174666cce8ca67ae73d44d93054a,/gists/eeff174666cce8ca67ae73d44d93054a/snippet.py,0,True,158.2,solved,
ef26915065225df65c1187562eca7ec4,/gists/ef26915065225df65c1187562eca7ec4/snippet.py,0,True,20.6,solved,
ef407a599f0f549f62d91c3a00dcfb6c,/gists/ef407a599f0f549f62d91c3a00dcfb6c/snippet.py,0,True,118.8,solved,
ef4fc7fb905be7191cc2beb1421da37c,/gists/ef4fc7fb905be7191cc2beb1421da37c/snippet.py,0,True,838.3,solved,
ef6caa586b647c3c032a4f84d52e3a11,/gists/ef6caa586b647c3c032a4f84d52e3a11/snippet.py,0,True,83.9,solved,
ef7ed11b0abab37c94ad,/gists/ef7ed11b0abab37c94ad/snippet.py,0,True,83.2,solved,
ef9e5c352e54769c4d43,/gists/ef9e5c352e54769c4d43/snippet.py,0,True,90.9,solved,
efabc30c4b2c9afd8a83,/gists/efabc30c4b2c9afd8a83/snippet.py,0,True,32.4,solved,
efbe081b2bde5662cc1e76db0e12289e,/gists/efbe081b2bde5662cc1e76db0e12289e/snippet.py,0,True,22.3,solved,
efce2e1a817a01441f08,/gists/efce2e1a817a01441f08/snippet.py,0,True,21.3,solved,
efe482bad12c2fae6afe,/gists/efe482bad12c2fae6afe/snippet.py,0,True,20.6,solved,
f07d827a4818fda0db81,/gists/f07d827a4818fda0db81/snippet.py,0,True,25.8,solved,
f0bc519824e46815939b240c4f6a7553,/gists/f0bc519824e46815939b240c4f6a7553/snippet.py,0,True,12.1,solved,
f112560fd04ce43c53d4,/gists/f112560fd04ce43c53d4/snippet.py,0,True,12.7,solved,
f11258583ffcc4728eb71adc0f38e832,/gists/f11258583ffcc4728eb71adc0f38e832/snippet.py,-1,False,1200.0,timeout,Exceeded 1200s timeout
f150b59dd68500099a56184dc25f1300,/gists/f150b59dd68500099a56184dc25f1300/snippet.py,0,False,46.2,failed,
f15921b2257af1db953f,/gists/f15921b2257af1db953f/snippet.py,0,True,18.7,solved,
f17910ef74687b3a062bd403f79e340a,/gists/f17910ef74687b3a062bd403f79e340a/snippet.py,0,True,18.9,solved,
f18b7b54830270b01b99ba5e78024a39,/gists/f18b7b54830270b01b99ba5e78024a39/snippet.py,0,False,220.0,failed,
f1a6bd3c8585c400c190,/gists/f1a6bd3c8585c400c190/snippet.py,0,True,94.5,solved,
f1c94490e636a4ed54b4,/gists/f1c94490e636a4ed54b4/snippet.py,0,True,12.7,solved,
f1eca6cb0061cde701c2,/gists/f1eca6cb0061cde701c2/snippet.py,0,False,68.4,failed,
f234879ceb3a31e8ec54c601844ed706,/gists/f234879ceb3a31e8ec54c601844ed706/snippet.py,0,False,71.9,failed,
f2608cbe54403edb0b13,/gists/f2608cbe54403edb0b13/snippet.py,0,True,50.9,solved,
f27efd1ddcbf57be0d14031a5e692015,/gists/f27efd1ddcbf57be0d14031a5e692015/snippet.py,0,False,43.0,failed,
f28b7a2d3356a0ed39823aaea66b50d0,/gists/f28b7a2d3356a0ed39823aaea66b50d0/snippet.py,0,False,53.2,failed,
f2bb0cc876828b54f2ed,/gists/f2bb0cc876828b54f2ed/snippet.py,0,False,56.4,failed,
f3190ebba6c53887d598d03119ca2066,/gists/f3190ebba6c53887d598d03119ca2066/snippet.py,0,True,148.1,solved,
f3538c32965575e59bcd,/gists/f3538c32965575e59bcd/snippet.py,0,False,79.4,failed,
f35fbc80e066a49d65f1688a7e99f069,/gists/f35fbc80e066a49d65f1688a7e99f069/snippet.py,0,True,316.1,solved,
f390aabf53cf1406fc71166a47236ebf,/gists/f390aabf53cf1406fc71166a47236ebf/snippet.py,0,True,13.2,solved,
f3ce814ee66c965638fe,/gists/f3ce814ee66c965638fe/snippet.py,0,False,16.5,failed,
f3f67424adda343fef40,/gists/f3f67424adda343fef40/snippet.py,0,True,204.8,solved,
f3fc4537fac67a0f2df2,/gists/f3fc4537fac67a0f2df2/snippet.py,0,False,88.7,failed,
f435aa0ccd498b0840d2407d599bf31d,/gists/f435aa0ccd498b0840d2407d599bf31d/snippet.py,0,False,511.8,failed,
f45de3bbabbcacd3ca29,/gists/f45de3bbabbcacd3ca29/snippet.py,0,False,20.3,failed,
f4b6f5c8f6c2a51c3f60,/gists/f4b6f5c8f6c2a51c3f60/snippet.py,0,True,23.0,solved,
f4cc99efc90c487b6fed,/gists/f4cc99efc90c487b6fed/snippet.py,0,False,301.8,failed,
f51df716906be1d8f7337ffa183d32f4,/gists/f51df716906be1d8f7337ffa183d32f4/snippet.py,0,False,96.3,failed,
f53bb3e40edbceb38904,/gists/f53bb3e40edbceb38904/snippet.py,0,False,34.0,failed,
f551b2b6fd4d6b6e1ef2,/gists/f551b2b6fd4d6b6e1ef2/snippet.py,0,False,46.3,failed,
f55c4ce19598b2b345ef,/gists/f55c4ce19598b2b345ef/snippet.py,0,True,12.4,solved,
f5b0d13b0bb3e4ac0572,/gists/f5b0d13b0bb3e4ac0572/snippet.py,0,False,50.9,failed,
f5e40e52de480e53a243fa15af536a8e,/gists/f5e40e52de480e53a243fa15af536a8e/snippet.py,0,True,25.8,solved,
f66cb485a3f3353402a5,/gists/f66cb485a3f3353402a5/snippet.py,0,False,112.6,failed,
f676b9bd2e6930dda95c,/gists/f676b9bd2e6930dda95c/snippet.py,0,True,48.3,solved,
f6923957293620d6814052e0ccdf0ddf,/gists/f6923957293620d6814052e0ccdf0ddf/snippet.py,0,False,102.5,failed,
f6df442d0250f265409c,/gists/f6df442d0250f265409c/snippet.py,0,True,30.5,solved,
f6effc4468cca6f4e8f0,/gists/f6effc4468cca6f4e8f0/snippet.py,0,True,24.8,solved,
f788cfd227cb94d0843235a2542026fd,/gists/f788cfd227cb94d0843235a2542026fd/snippet.py,-1,False,1200.0,timeout,Exceeded 1200s timeout
f7d8b6cb045cbb65ab80,/gists/f7d8b6cb045cbb65ab80/snippet.py,0,False,88.4,failed,
f7fdb8284643b1c175a9,/gists/f7fdb8284643b1c175a9/snippet.py,0,False,18.7,failed,
f85e89bef4b6e9b83f2a,/gists/f85e89bef4b6e9b83f2a/snippet.py,0,False,8.6,failed,
f884a43c59e26199591ec4e234d069f5,/gists/f884a43c59e26199591ec4e234d069f5/snippet.py,0,False,110.2,failed,
f8ab99789fd347a13591bc7eeff97149,/gists/f8ab99789fd347a13591bc7eeff97149/snippet.py,0,True,32.2,solved,
f8b86d001a367aa7dde1ab6b587246b5,/gists/f8b86d001a367aa7dde1ab6b587246b5/snippet.py,0,False,357.1,failed,
f8c9df05a65d311aa6ec,/gists/f8c9df05a65d311aa6ec/snippet.py,0,False,57.1,failed,
f93a377244be9bfcb96d3547b9bc424d,/gists/f93a377244be9bfcb96d3547b9bc424d/snippet.py,0,True,172.3,solved,
f940f98fbbac84d35e8d,/gists/f940f98fbbac84d35e8d/snippet.py,0,True,47.4,solved,
f97205b73610dd30254652e7817f99cb,/gists/f97205b73610dd30254652e7817f99cb/snippet.py,0,True,78.4,solved,
fa0647722365f5a4b2ad,/gists/fa0647722365f5a4b2ad/snippet.py,0,False,75.9,failed,
fa287fc6448f84004284f5c086f59661,/gists/fa287fc6448f84004284f5c086f59661/snippet.py,0,True,135.7,solved,
fa43af59f3ecf9b10c88,/gists/fa43af59f3ecf9b10c88/snippet.py,0,False,100.9,failed,
fa5755c7f7fa49b47961,/gists/fa5755c7f7fa49b47961/snippet.py,0,True,22.1,solved,
fb9d710bd20579771b40,/gists/fb9d710bd20579771b40/snippet.py,0,False,57.7,failed,
fbadce83877a36622720,/gists/fbadce83877a36622720/snippet.py,0,False,66.9,failed,
fbb19b73fa25423f02e8,/gists/fbb19b73fa25423f02e8/snippet.py,0,True,30.5,solved,
fbbdb1ba7c66cc4e1bb2,/gists/fbbdb1ba7c66cc4e1bb2/snippet.py,0,True,61.3,solved,
fbca5503c391c265f958f49b60af6bae,/gists/fbca5503c391c265f958f49b60af6bae/snippet.py,0,False,28.1,failed,
fbecc71022b62515a484a4a33d13014d,/gists/fbecc71022b62515a484a4a33d13014d/snippet.py,0,True,11.3,solved,
fc1527d6d9492b59c610,/gists/fc1527d6d9492b59c610/snippet.py,0,True,41.2,solved,
fc3589eeabaee9ac5c05,/gists/fc3589eeabaee9ac5c05/snippet.py,0,False,36.1,failed,
fcb9409ef1c1835fa5fb25a860991751,/gists/fcb9409ef1c1835fa5fb25a860991751/snippet.py,0,False,40.6,failed,
fcbdd3924ee230592ab4,/gists/fcbdd3924ee230592ab4/snippet.py,0,False,3.1,failed,
fd65891daf183d99d91cb83b89e2a4c7,/gists/fd65891daf183d99d91cb83b89e2a4c7/snippet.py,0,False,62.8,failed,
fd9ee43167f5cc1da130,/gists/fd9ee43167f5cc1da130/snippet.py,0,True,11.1,solved,
fda9fd2a7a1e0bc458650ec4c3a0bf93,/gists/fda9fd2a7a1e0bc458650ec4c3a0bf93/snippet.py,0,True,35.8,solved,
fdff82cc02b161d0141d,/gists/fdff82cc02b161d0141d/snippet.py,0,True,38.3,solved,
fe0d232bda81f15e838b,/gists/fe0d232bda81f15e838b/snippet.py,0,False,2.9,failed,
fe4fd5f27a4811cb0187,/gists/fe4fd5f27a4811cb0187/snippet.py,0,False,39.5,failed,
fe855653e9757e1ce8c4,/gists/fe855653e9757e1ce8c4/snippet.py,0,True,369.0,solved,
fe8e267149862eb67127f4fff7e017be,/gists/fe8e267149862eb67127f4fff7e017be/snippet.py,0,False,32.7,failed,
feb86d4bdd9a658c122a706f26ba7e1e,/gists/feb86d4bdd9a658c122a706f26ba7e1e/snippet.py,0,True,39.5,solved,
ff122e8563793bb28f79,/gists/ff122e8563793bb28f79/snippet.py,0,False,61.3,failed,
ff2f97d91c9bed820c15,/gists/ff2f97d91c9bed820c15/snippet.py,0,True,12.6,solved,
ffb1b5f12d7ad787f6e4,/gists/ffb1b5f12d7ad787f6e4/snippet.py,0,False,314.7,failed,
ffd436e0a7897c9e872d,/gists/ffd436e0a7897c9e872d/snippet.py,0,True,28.1,solved,
